student_id,first_name,last_name,gender,age,nationality,hard_skills,soft_skills,teamwork,creativity,class_name
STU_0000,Ali,Maaloul,Male,18,Tunisian,2.78,2.87,2.28,2.63,5NIDS65
STU_0001,Rania,Ghanouchi,Female,18,Tunisian,2.31,2.1,2.67,2.64,5SE69
STU_0002,Youssef,Mabrouk,Male,19,Tunisian,3.3,2.9,2.8,3.24,5NIDS71
STU_0003,Omar,Mabrouk,Male,20,Tunisian,0.25,0.85,0.52,0.89,5ARCTIC38
STU_0004,Fares,Jebali,Male,18,Tunisian,1.41,1.9,1.62,2.2,4IOSYS52
STU_0005,Yasmine,Saidi,Female,20,Tunisian,3.2,3.68,2.88,2.76,4BI77
STU_0006,Lotfi,Slimani,Male,21,Tunisian,3.8,3.16,4.26,2.79,1A72
STU_0007,Lina,Jebali,Female,20,Tunisian,3.71,2.84,2.8,2.59,4SAE12
STU_0008,Karim,El Idrissi,Male,22,Moroccan,2.74,2.75,2.04,2.49,4SE64
STU_0009,Wassim,Bouazizi,Male,26,Tunisian,1.86,2.11,2.05,2.97,3A88
STU_0010,Youssef,Ghanouchi,Male,20,Tunisian,2.31,2.1,2.21,2.94,1A01
STU_0011,Ghassen,Bouazizi,Male,20,Tunisian,3.51,3.75,3.88,4.06,1A90
STU_0012,Mourad,Mabrouk,Male,19,Tunisian,4.06,3.88,3.74,4.38,4ARCTIC28
STU_0013,Mouna,Cherif,Female,20,Tunisian,1.97,2.08,1.72,2.06,3B99
STU_0014,Foued,Cherif,Male,21,Tunisian,3.28,3.72,3.52,3.89,2P69
STU_0015,Lina,Ghanouchi,Female,22,Tunisian,2.2,2.55,2.38,2.25,2A99
STU_0016,Mohamed,Abidi,Male,19,Tunisian,3.1,3.31,3.49,4.65,3B99
STU_0017,Hedi,Toumi,Male,21,Tunisian,1.87,1.28,1.58,1.84,2P69
STU_0018,Nour,Cherif,Female,21,Tunisian,2.95,3.73,3.86,3.38,4DS15
STU_0019,Rania,Ben Ali,Female,22,Tunisian,1.7,1.92,1.75,1.9,1A32
STU_0020,Mohamed,Haddad,Male,21,Moroccan,0.72,1.19,1.0,1.47,3A69
STU_0021,Ismail,Bouazizi,Male,20,Tunisian,2.8,1.9,2.08,1.7,1A30
STU_0022,Dorra,Toumi,Female,19,Tunisian,3.88,3.71,3.7,4.07,4SAE19
STU_0023,Karim,Abidi,Male,32,Tunisian,3.34,3.65,4.48,4.28,5SIM70
STU_0024,Siwar,Baccouche,Female,19,Tunisian,1.1,2.4,1.49,0.66,3A69
STU_0025,Nour,Toumi,Female,19,Tunisian,3.13,2.32,3.17,2.49,1A32
STU_0026,Wassim,Saidi,Male,21,Tunisian,1.79,3.03,2.24,3.85,4SIM88
STU_0027,Fatima,Alaoui,Female,20,Moroccan,1.97,1.87,1.95,2.57,4INFINI29
STU_0028,Mohamed,Jebali,Male,19,Tunisian,3.34,3.05,2.92,2.38,4SIM81
STU_0029,Youssef,Ben Ali,Male,22,Tunisian,2.88,2.41,2.51,2.86,5NIDS71
STU_0030,Zied,Mejri,Male,22,Tunisian,1.51,2.06,1.55,1.7,2P74
STU_0031,Wassim,Ghanouchi,Male,21,Tunisian,1.54,2.09,1.63,1.46,1A32
STU_0032,Hend,Jebali,Female,19,Tunisian,2.43,4.41,3.66,3.74,4SIM81
STU_0033,Yasmine,Khemiri,Female,20,Tunisian,3.19,2.71,3.09,2.93,1A18
STU_0034,Nour,Slimani,Female,19,Tunisian,4.3,5.0,4.69,4.3,4NIDS18
STU_0035,Ahmed,Baccouche,Male,19,Tunisian,2.61,3.37,3.05,2.64,5BI77
STU_0036,Kouadio,Konan,Male,20,Ivorian,2.48,1.79,1.69,2.04,1A44
STU_0037,Nour,Maaloul,Female,20,Tunisian,2.34,3.09,2.47,2.23,2P11
STU_0038,Walid,Slimani,Male,19,Tunisian,2.41,3.21,2.92,3.22,4INFINI28
STU_0039,Farah,Jebali,Female,34,Tunisian,3.35,2.59,3.06,3.6,5NIDS99
STU_0040,Siwar,Mejri,Female,21,Tunisian,2.94,2.65,2.51,2.1,3B90
STU_0041,Fares,Mejri,Male,21,Tunisian,1.58,1.49,1.56,0.95,4ARCTIC28
STU_0042,Fares,Slimani,Male,21,Tunisian,1.11,1.15,1.32,1.99,2A99
STU_0043,Yasmine,Haddad,Female,22,Tunisian,2.18,2.8,2.34,1.79,4ARCTIC28
STU_0044,Meriem,Ghanouchi,Female,22,Tunisian,2.7,3.7,2.84,2.44,2P06
STU_0045,Samira,Haddad,Female,17,Tunisian,1.45,1.84,2.02,2.13,5ARCTIC81
STU_0046,Sonia,Jaziri,Female,19,Tunisian,3.19,3.89,4.06,3.01,4INFINI29
STU_0047,Salma,Baccouche,Female,19,Tunisian,1.87,1.95,1.86,1.43,1A05
STU_0048,Fatoumata,Coulibaly,Female,20,Malian,2.77,3.03,2.88,2.69,1A87
STU_0049,Rami,Ghanouchi,Male,19,Tunisian,0.37,0.64,0.67,0.27,1A30
STU_0050,Anis,Jaziri,Male,17,Tunisian,2.33,1.9,2.82,2.69,3B49
STU_0051,Aya,Ouattara,Female,18,Ivorian,2.55,3.1,2.63,3.4,2A46
STU_0052,Foued,Mejri,Male,19,Tunisian,3.64,1.9,3.07,2.64,5ARCTIC81
STU_0053,Farah,Jaziri,Female,18,Tunisian,2.91,2.89,3.19,2.72,2P06
STU_0054,Sofiene,Chebbi,Male,22,Tunisian,3.61,2.98,3.22,2.92,2P81
STU_0055,Brahim,Saidi,Male,21,Algerian,3.15,3.27,2.62,3.24,5SE44
STU_0056,Fares,Chebbi,Male,22,Tunisian,1.5,0.49,0.38,1.33,2A06
STU_0057,Zied,Ghanouchi,Male,24,Tunisian,3.04,3.06,3.15,2.43,5GAMIX78
STU_0058,Koffi,Diallo,Male,19,Ivorian,2.79,3.56,3.12,2.25,1A32
STU_0059,Khaled,Ali,Male,18,Libyan,0.52,1.18,1.47,0.77,5SE44
STU_0060,Zainab,Hassan,Female,20,Libyan,2.41,3.16,2.99,2.75,1A20
STU_0061,Asma,Jebali,Female,20,Tunisian,2.48,2.49,2.46,2.59,4SIM81
STU_0062,Fatma,Mejri,Female,22,Tunisian,0.17,0.54,0.56,1.18,4INFINI28
STU_0063,Salma,Haddad,Female,17,Tunisian,1.8,2.25,2.0,0.9,1A12
STU_0064,Asma,Khemiri,Female,21,Tunisian,1.73,1.86,2.12,1.5,4INFINI28
STU_0065,Ahmed,Lahlou,Male,19,Moroccan,2.73,3.03,1.95,4.04,1A30
STU_0066,Fatma,Jebali,Female,21,Tunisian,2.18,3.13,3.15,2.9,3B35
STU_0067,Walid,Cherif,Male,20,Tunisian,1.97,1.13,2.07,2.2,1A04
STU_0068,Farah,Khemiri,Female,20,Tunisian,3.05,2.51,2.46,3.1,2P11
STU_0069,Mourad,Slimani,Male,19,Tunisian,2.7,4.44,3.61,3.48,1A04
STU_0070,Ines,Abidi,Female,18,Tunisian,3.51,3.58,3.09,3.01,3A78
STU_0071,Sami,Cherif,Male,21,Tunisian,3.57,2.67,2.89,2.86,5NIDS82
STU_0072,Aicha,Brahimi,Female,21,Algerian,3.33,3.61,3.66,3.4,1A01
STU_0073,Mehdi,Slimani,Male,18,Tunisian,3.51,3.41,3.45,3.27,5SE44
STU_0074,Lina,Baccouche,Female,18,Tunisian,3.26,3.99,3.88,2.42,5NIDS65
STU_0075,Ghassen,Mabrouk,Male,20,Tunisian,3.0,4.11,4.46,3.03,2P81
STU_0076,Foued,Ben Ali,Male,20,Tunisian,1.14,1.47,0.73,0.97,5NIDS65
STU_0077,Fatiha,Mansouri,Female,20,Algerian,2.54,3.88,2.86,3.23,3B46
STU_0078,Bechir,Toumi,Male,21,Tunisian,1.91,2.04,1.75,1.22,5SIM65
STU_0079,Hedi,Mabrouk,Male,20,Tunisian,2.12,1.97,1.93,1.46,5NIDS65
STU_0080,Nabil,Cherif,Male,18,Tunisian,2.08,0.8,0.53,1.32,3B35
STU_0081,Lotfi,Abidi,Male,19,Tunisian,3.79,4.2,4.16,3.22,3B99
STU_0082,Omar,Trabelsi,Male,22,Tunisian,3.26,3.92,3.58,3.31,4SAE19
STU_0083,Adel,Cherif,Male,20,Tunisian,1.8,2.78,2.54,4.15,5TWIN20
STU_0084,Fatoumata,Dembele,Female,22,Malian,1.36,1.75,1.15,1.3,4INFINI29
STU_0085,Nabil,Jaziri,Male,19,Tunisian,3.29,2.24,3.05,3.83,4SIM66
STU_0086,Sonia,Baccouche,Female,22,Tunisian,3.19,3.62,3.51,3.89,4NIDS96
STU_0087,Samira,Saidi,Female,18,Tunisian,3.73,4.39,4.19,4.19,4NIDS18
STU_0088,Chaima,Bouazizi,Female,22,Tunisian,2.11,3.01,2.69,2.44,5BI77
STU_0089,Sonia,Jebali,Female,21,Tunisian,1.44,1.57,1.61,0.61,3B90
STU_0090,Fares,Baccouche,Male,20,Tunisian,2.02,2.14,2.39,2.04,1A30
STU_0091,Rania,Haddad,Female,18,Tunisian,3.45,2.92,2.79,2.49,4SE64
STU_0092,Omar,Jaziri,Male,21,Tunisian,2.72,3.64,3.18,4.05,5NIDS99
STU_0093,Lotfi,Toumi,Male,19,Tunisian,1.95,2.61,2.57,1.86,2A99
STU_0094,Ines,Saidi,Female,18,Tunisian,2.89,3.41,2.92,2.7,1A92
STU_0095,Meriem,Trabelsi,Female,20,Tunisian,4.15,3.53,4.22,3.0,5SLEAM15
STU_0096,Amna,Ali,Female,21,Libyan,2.25,1.95,1.89,1.08,2P14
STU_0097,Malika,Haddad,Female,21,Algerian,0.82,0.24,0.34,0.0,2P14
STU_0098,Lassana,Dembele,Male,18,Malian,1.36,2.01,1.51,3.13,4IOSYS52
STU_0099,Fatma,Abidi,Female,20,Tunisian,4.3,4.49,4.74,4.3,2P06
STU_0100,Nadia,Chebbi,Female,20,Tunisian,1.6,2.14,1.61,1.89,2A46
STU_0101,Iheb,Saidi,Male,17,Tunisian,3.89,4.39,4.38,4.5,3A41
STU_0102,Oumaima,Trabelsi,Female,20,Tunisian,3.49,3.1,3.45,1.99,5SIM70
STU_0103,Nour,Baccouche,Female,21,Tunisian,3.3,4.19,3.54,4.09,1A04
STU_0104,Malika,Messaoudi,Female,21,Algerian,0.81,2.03,1.35,1.61,1A12
STU_0105,Sonia,Cherif,Female,18,Tunisian,0.47,2.33,1.16,1.36,4NIDS18
STU_0106,Skander,Trabelsi,Male,22,Tunisian,0.36,0.39,0.52,0.72,3A30
STU_0107,Walid,Bouazizi,Male,18,Tunisian,3.95,3.77,4.06,3.91,1A32
STU_0108,Adel,Trabelsi,Male,20,Tunisian,1.39,2.39,1.67,0.54,4SIM66
STU_0109,Tarek,Trabelsi,Male,18,Tunisian,2.52,2.56,2.36,2.58,4BI83
STU_0110,Wassim,Toumi,Male,21,Tunisian,2.15,2.07,2.22,2.86,1A87
STU_0111,Sonia,Maaloul,Female,18,Tunisian,1.41,1.28,1.61,1.16,5SLEAM93
STU_0112,Adel,Chebbi,Male,23,Tunisian,2.88,2.37,2.8,3.95,1A92
STU_0113,Wassim,Trabelsi,Male,18,Tunisian,3.0,2.35,2.35,2.08,5NIDS82
STU_0114,Hiba,Toumi,Female,18,Tunisian,2.07,2.13,1.96,1.75,4BI77
STU_0115,Ali,Slimani,Male,23,Tunisian,2.87,4.16,3.61,3.17,2A98
STU_0116,Bechir,Ghanouchi,Male,19,Tunisian,1.57,2.19,1.68,2.57,2A06
STU_0117,Hend,Maaloul,Female,21,Tunisian,4.52,4.77,4.69,4.28,3B21
STU_0118,Fatma,Cherif,Female,18,Tunisian,2.7,2.6,2.2,3.91,5NIDS71
STU_0119,Brahim,Messaoudi,Male,20,Algerian,2.58,2.7,2.79,2.69,2P06
STU_0120,Amel,Jaziri,Female,19,Tunisian,2.37,2.38,2.1,1.41,2A98
STU_0121,Farah,Saidi,Female,21,Tunisian,1.6,1.59,1.59,1.69,5SAE01
STU_0122,Khadija,Haddad,Female,18,Tunisian,2.41,3.0,2.34,2.03,2A06
STU_0123,Tarek,Ben Ali,Male,19,Tunisian,1.86,1.84,2.1,2.3,5SIM65
STU_0124,Rania,Baccouche,Female,18,Tunisian,1.33,2.05,1.92,1.54,4SIM88
STU_0125,Ines,Trabelsi,Female,21,Tunisian,0.78,2.02,1.62,1.18,3A41
STU_0126,Salma,Mabrouk,Female,19,Tunisian,1.44,2.04,1.16,0.22,1A29
STU_0127,Aminata,Sow,Female,20,Senegalese,2.39,2.35,2.63,2.52,3B49
STU_0128,Wided,Trabelsi,Female,20,Tunisian,2.42,1.67,1.93,2.09,4GAMIX69
STU_0129,Youssef,Bouazizi,Male,19,Tunisian,1.04,2.04,1.32,0.99,2P06
STU_0130,Wided,Bouazizi,Female,19,Tunisian,1.49,1.69,1.26,2.17,5SAE01
STU_0131,Lina,Trabelsi,Female,23,Tunisian,3.07,3.4,2.75,2.26,2P14
STU_0132,Samira,Berrada,Female,20,Moroccan,1.72,1.99,1.87,2.11,2A71
STU_0133,Khadija,Saidi,Female,21,Tunisian,2.11,3.25,2.31,2.39,3B49
STU_0134,Chaima,Slimani,Female,23,Tunisian,1.2,1.78,1.75,1.13,4TWIN96
STU_0135,Mourad,Toumi,Male,20,Tunisian,1.99,1.76,2.22,3.57,4SAE12
STU_0136,Sami,Toumi,Male,19,Tunisian,0.37,1.18,0.74,0.51,4SIM81
STU_0137,Nadia,Jebali,Female,22,Tunisian,1.95,1.57,2.75,1.35,4GAMIX69
STU_0138,Tarek,Toumi,Male,22,Tunisian,2.28,2.09,2.69,2.11,1A12
STU_0139,Salma,Slimani,Female,34,Tunisian,3.09,2.72,2.46,3.44,2P74
STU_0140,Fares,Ghanouchi,Male,19,Tunisian,3.03,2.56,2.96,1.31,3A78
STU_0141,Sarra,Trabelsi,Female,20,Tunisian,1.35,1.12,0.86,0.0,2A98
STU_0142,Dorra,Baccouche,Female,20,Tunisian,0.83,2.11,1.9,2.55,1A18
STU_0143,Fares,Mabrouk,Male,20,Tunisian,2.08,1.75,2.13,2.5,1A32
STU_0144,Zied,Mabrouk,Male,19,Tunisian,2.59,1.95,1.85,1.89,3A21
STU_0145,Mariem,Bouazizi,Female,18,Tunisian,2.57,1.77,1.89,1.5,3B82
STU_0146,Farah,Bouazizi,Female,19,Tunisian,2.32,2.12,2.62,4.03,1A01
STU_0147,Rim,Cherif,Female,18,Tunisian,0.84,1.47,0.19,0.0,4SIM88
STU_0148,Iheb,Mejri,Male,19,Tunisian,2.37,2.44,1.86,2.17,3B35
STU_0149,Ali,Brahimi,Male,20,Algerian,1.75,0.97,1.27,3.4,4SAE19
STU_0150,Hedi,Chebbi,Male,18,Tunisian,2.99,3.07,3.09,3.01,2P78
STU_0151,Ahmed,Cherif,Male,19,Tunisian,3.57,2.85,2.83,3.86,4SAE12
STU_0152,Korotoumou,Traore,Female,20,Malian,3.04,3.18,3.14,2.36,5ARCTIC81
STU_0153,Sanaa,El Idrissi,Female,20,Moroccan,2.19,2.53,2.66,2.98,3A86
STU_0154,Mouna,Toumi,Female,20,Tunisian,0.35,1.22,0.91,0.0,4NIDS96
STU_0155,Hatem,Jaziri,Male,22,Tunisian,4.04,3.51,3.72,3.94,3B82
STU_0156,Bechir,Slimani,Male,19,Tunisian,2.28,3.16,3.52,3.26,1A18
STU_0157,Aminata,Coulibaly,Female,21,Ivorian,3.34,3.92,3.47,2.55,4IOSYS55
STU_0158,Amel,Abidi,Female,20,Tunisian,3.46,3.64,3.39,2.97,2P78
STU_0159,Amna,Salem,Female,21,Libyan,2.6,3.99,2.87,3.41,4TWIN96
STU_0160,Nadia,Khemiri,Female,18,Tunisian,1.55,2.95,2.61,1.79,4SAE19
STU_0161,Adel,Haddad,Male,20,Tunisian,2.6,2.83,2.32,2.71,4NIDS18
STU_0162,Skander,Jebali,Male,18,Tunisian,3.11,1.49,2.71,2.44,5SIM65
STU_0163,Salma,Cherif,Female,20,Tunisian,1.12,1.19,1.75,1.45,5NIDS65
STU_0164,Mariem,Mabrouk,Female,20,Tunisian,2.22,1.42,1.66,0.98,1A30
STU_0165,Ines,Mejri,Female,20,Tunisian,2.03,2.77,1.83,1.82,4SIM81
STU_0166,Khadija,Mabrouk,Female,20,Tunisian,0.49,1.03,1.13,0.34,1A72
STU_0167,Nabil,Ben Ali,Male,18,Tunisian,2.92,3.0,3.13,3.61,5INFINI98
STU_0168,Sarra,Abidi,Female,22,Tunisian,2.6,1.89,2.71,2.95,5INFINI98
STU_0169,Rabah,Yahiaoui,Male,19,Algerian,2.19,2.36,2.36,2.68,5SAE68
STU_0170,Ghassen,Maaloul,Male,18,Tunisian,3.88,3.35,3.46,3.37,4IOSYS55
STU_0171,Leila,Baccouche,Female,22,Tunisian,2.6,2.25,2.74,2.45,4ARCTIC50
STU_0172,Fares,Saidi,Male,19,Tunisian,3.57,3.07,2.76,3.67,2A71
STU_0173,Lina,Mabrouk,Female,18,Tunisian,2.33,2.76,1.99,1.58,4NIDS96
STU_0174,Lotfi,Chebbi,Male,20,Tunisian,1.71,2.11,1.78,1.95,3B46
STU_0175,Jamal,Benjelloun,Male,22,Moroccan,2.5,2.9,2.68,2.57,1A04
STU_0176,Nabil,Mejri,Male,20,Tunisian,2.96,3.13,2.81,2.6,3A21
STU_0177,Skander,Slimani,Male,23,Tunisian,0.25,1.65,1.26,2.92,4DS15
STU_0178,Zied,Toumi,Male,18,Tunisian,2.69,3.48,2.93,2.63,5SAE68
STU_0179,Pierre,Njoya,Male,22,Cameroonian,1.45,3.14,1.52,2.69,1A04
STU_0180,Ines,Jebali,Female,22,Tunisian,2.41,3.23,3.55,2.15,3A30
STU_0181,Konan,Koffi,Male,20,Ivorian,2.56,2.19,2.25,2.61,4IOSYS92
STU_0182,Rim,Jaziri,Female,19,Tunisian,3.58,3.91,3.8,2.92,5TWIN20
STU_0183,Lina,Khemiri,Female,20,Tunisian,1.55,1.63,1.12,1.75,4SE64
STU_0184,Wassim,Abidi,Male,22,Tunisian,2.21,2.28,2.55,1.95,2P81
STU_0185,Mariam,Traore,Female,21,Ivorian,2.22,1.8,2.44,1.34,4DS15
STU_0186,Skander,Ghanouchi,Male,20,Tunisian,4.18,2.84,3.52,3.53,1A87
STU_0187,Rim,Mejri,Female,22,Tunisian,4.56,4.41,4.48,3.47,4BI77
STU_0188,Sarra,Jebali,Female,19,Tunisian,2.94,2.14,2.53,3.09,5TWIN20
STU_0189,Mourad,Jaziri,Male,20,Tunisian,3.13,2.38,2.42,2.57,5SLEAM93
STU_0190,Sofiene,Khemiri,Male,21,Tunisian,1.98,1.72,1.45,2.51,3A41
STU_0191,Ines,Mabrouk,Female,20,Tunisian,2.16,2.23,2.0,2.54,5SIM65
STU_0192,Iheb,Ben Ali,Male,19,Tunisian,2.89,3.95,2.93,3.02,2A91
STU_0193,Sarra,Mejri,Female,19,Tunisian,2.74,4.38,3.15,3.75,4SAE19
STU_0194,Amine,Ghanouchi,Male,18,Tunisian,1.99,1.56,1.86,1.01,4SIM81
STU_0195,Khadija,Jaziri,Female,20,Tunisian,2.43,3.59,3.31,3.49,3B35
STU_0196,Oumaima,Chebbi,Female,21,Tunisian,0.96,2.34,1.36,0.91,4GAMIX69
STU_0197,Iheb,Abidi,Male,20,Tunisian,0.85,1.63,1.36,1.26,1A76
STU_0198,Skander,Jaziri,Male,21,Tunisian,3.56,3.55,3.33,4.53,2P81
STU_0199,Lina,Haddad,Female,21,Tunisian,1.96,2.74,2.64,3.69,3A88
STU_0200,Meriem,Slimani,Female,21,Tunisian,3.06,1.2,2.19,2.03,5SAE01
STU_0201,Youssef,Baccouche,Male,18,Tunisian,3.97,2.23,2.98,2.57,2A71
STU_0202,Leila,Cherif,Female,19,Tunisian,3.86,4.15,4.04,2.4,3B21
STU_0203,Rim,Slimani,Female,18,Tunisian,3.34,2.99,3.49,3.09,3B82
STU_0204,Rim,Mabrouk,Female,19,Tunisian,0.59,0.92,1.0,1.22,1A20
STU_0205,Oumaima,Maaloul,Female,18,Tunisian,2.53,3.84,3.18,2.76,1A32
STU_0206,Fatma,Ghanouchi,Female,21,Tunisian,4.38,5.0,4.75,3.63,5SLEAM15
STU_0207,Samira,Slimani,Female,18,Tunisian,3.32,2.9,2.49,2.7,5SAE01
STU_0208,Iheb,Maaloul,Male,19,Tunisian,3.03,2.65,2.71,1.63,4IOSYS52
STU_0209,Iheb,Haddad,Male,21,Tunisian,2.15,1.47,1.18,1.27,4SAE19
STU_0210,Hatem,Mejri,Male,22,Tunisian,0.92,1.0,1.62,1.37,4BI77
STU_0211,Mehdi,Baccouche,Male,17,Tunisian,2.32,3.74,3.13,2.91,5SE44
STU_0212,Nadia,Jaziri,Female,20,Tunisian,4.05,3.81,3.99,3.91,5BI21
STU_0213,Ines,Cherif,Female,21,Tunisian,3.37,3.02,3.66,2.99,3B21
STU_0214,Bechir,Saidi,Male,21,Tunisian,2.94,3.03,2.38,2.52,1A90
STU_0215,Manel,Jebali,Female,20,Tunisian,1.25,1.0,0.92,1.33,5NIDS71
STU_0216,Adel,Bouazizi,Male,18,Tunisian,1.93,2.3,1.64,3.17,5NIDS82
STU_0217,Rim,Saidi,Female,20,Tunisian,1.11,1.86,1.99,2.2,5NIDS65
STU_0218,Fatma,Haddad,Female,22,Tunisian,3.14,3.53,3.49,3.71,2A98
STU_0219,Asma,Haddad,Female,19,Tunisian,0.27,0.44,0.2,1.01,2A71
STU_0220,Sarra,Bouazizi,Female,20,Tunisian,2.78,2.95,2.58,3.02,2P69
STU_0221,Siwar,Bouazizi,Female,21,Tunisian,3.18,3.94,3.93,3.5,2P74
STU_0222,Siwar,Slimani,Female,20,Tunisian,1.51,2.22,2.03,2.07,5SE69
STU_0223,Omar,Ghanouchi,Male,20,Tunisian,1.49,2.65,2.52,1.43,1A04
STU_0224,Dorra,Mejri,Female,20,Tunisian,1.71,2.9,2.16,2.63,1A87
STU_0225,Zied,Baccouche,Male,20,Tunisian,3.6,3.0,3.7,3.45,1A01
STU_0226,Samira,Bennani,Female,18,Moroccan,3.5,4.12,3.44,3.99,1A92
STU_0227,Tarek,Mabrouk,Male,20,Tunisian,2.11,1.8,2.0,1.98,3B46
STU_0228,Amina,Maaloul,Female,22,Tunisian,1.73,2.22,1.78,1.82,1A44
STU_0229,Rania,Maaloul,Female,18,Tunisian,5.0,4.27,4.19,4.76,2A91
STU_0230,Wided,Maaloul,Female,20,Tunisian,3.07,3.78,2.91,2.26,4GAMIX69
STU_0231,Yasmine,Mejri,Female,20,Tunisian,3.4,4.45,3.72,4.67,5SE44
STU_0232,Mariem,Toumi,Female,21,Tunisian,2.18,1.88,2.36,2.31,1A92
STU_0233,Mohamed,Khemiri,Male,19,Tunisian,4.44,2.41,3.01,3.91,4SE64
STU_0234,Djillali,Mansouri,Male,20,Algerian,3.89,3.03,3.06,2.64,1A04
STU_0235,Hicham,Lahlou,Male,18,Moroccan,1.58,2.6,2.24,4.16,4NIDS18
STU_0236,Amine,Jaziri,Male,23,Tunisian,3.24,1.92,2.29,2.63,5SAE68
STU_0237,Fares,Jaziri,Male,22,Tunisian,2.81,3.25,3.38,4.24,3B99
STU_0238,Mouna,Chebbi,Female,19,Tunisian,1.17,1.69,0.82,1.78,4IOSYS55
STU_0239,Mouna,Bouazizi,Female,21,Tunisian,2.59,2.99,2.81,3.47,4INFINI28
STU_0240,Karim,Haddad,Male,22,Tunisian,3.72,2.4,3.1,3.78,4ARCTIC50
STU_0241,Manel,Mejri,Female,20,Tunisian,3.0,3.33,3.58,3.13,4INFINI28
STU_0242,Lina,Maaloul,Female,20,Tunisian,1.46,1.62,1.49,2.55,4TWIN96
STU_0243,Nabil,Jebali,Male,19,Tunisian,3.6,2.58,3.35,2.02,4IOSYS52
STU_0244,Mourad,Jebali,Male,19,Tunisian,2.15,1.12,1.85,2.13,3A21
STU_0245,Mohamed,Mabrouk,Male,22,Tunisian,1.94,2.65,2.42,3.25,5SE44
STU_0246,Hend,Mejri,Female,20,Tunisian,2.06,2.58,1.95,2.4,5GAMIX78
STU_0247,Mariem,Ben Ali,Female,19,Tunisian,2.93,4.22,3.87,3.65,5BI21
STU_0248,Youssef,Jaziri,Male,22,Tunisian,3.7,3.23,3.42,4.04,2A98
STU_0249,Madeleine,Njoya,Female,20,Cameroonian,3.34,2.75,3.54,4.57,5SAE68
STU_0250,Anis,Baccouche,Male,20,Tunisian,1.96,1.43,1.76,0.92,3B49
STU_0251,Ines,Baccouche,Female,21,Tunisian,4.28,3.6,4.22,3.82,5SLEAM15
STU_0252,Amine,Cherif,Male,18,Tunisian,2.97,2.01,2.8,2.2,5SAE01
STU_0253,Asma,Jaziri,Female,21,Tunisian,2.77,3.56,2.98,3.05,5NIDS71
STU_0254,Mariama,Camara,Female,20,Guinean,2.79,2.36,2.72,2.04,3A86
STU_0255,Anis,Mejri,Male,19,Tunisian,0.76,1.15,1.06,1.19,2A91
STU_0256,Mouna,Jaziri,Female,19,Tunisian,3.07,2.68,2.57,3.78,5NIDS65
STU_0257,Asma,Cherif,Female,20,Tunisian,1.43,2.57,1.69,3.32,4ARCTIC50
STU_0258,Sofiene,Mejri,Male,20,Tunisian,3.77,2.9,3.58,4.48,3A78
STU_0259,Sarra,Haddad,Female,20,Tunisian,3.28,4.39,3.61,2.43,4BI77
STU_0260,Mariama,Sarr,Female,20,Senegalese,2.21,2.35,3.4,1.79,4IOSYS92
STU_0261,Siwar,Khemiri,Female,21,Tunisian,1.78,1.76,1.68,1.94,4DS15
STU_0262,Sofiene,Jaziri,Male,19,Tunisian,1.97,2.52,2.42,2.83,2P69
STU_0263,Mariem,Jaziri,Female,21,Tunisian,3.43,2.87,3.16,1.49,5DS88
STU_0264,Youssef,Jebali,Male,19,Tunisian,2.65,3.37,2.59,2.65,1A04
STU_0265,Sonia,Ben Ali,Female,19,Tunisian,2.33,2.7,2.74,2.86,1A01
STU_0266,Karim,Ghanouchi,Male,20,Tunisian,1.0,1.5,0.82,1.05,4INFINI28
STU_0267,Lina,Cherif,Female,19,Tunisian,2.43,2.41,3.16,1.67,1A72
STU_0268,Adel,Jebali,Male,21,Tunisian,3.23,3.15,2.71,2.01,2A06
STU_0269,Diarra,Diallo,Female,19,Malian,3.86,3.36,3.39,2.35,4BI77
STU_0270,Manel,Slimani,Female,17,Tunisian,1.47,2.67,2.63,2.56,3A21
STU_0271,Farah,Ghanouchi,Female,30,Tunisian,3.59,2.92,3.47,3.27,5NIDS71
STU_0272,Adel,Jaziri,Male,19,Tunisian,0.52,1.98,1.54,1.55,2A13
STU_0273,Skander,Cherif,Male,20,Tunisian,3.32,3.69,3.46,3.7,1A05
STU_0274,Mariem,Abidi,Female,20,Tunisian,3.11,3.17,2.73,2.34,2P81
STU_0275,Anis,Trabelsi,Male,23,Tunisian,1.91,2.66,2.74,1.67,3A30
STU_0276,Oumaima,Abidi,Female,18,Tunisian,1.46,1.61,1.48,0.0,2A71
STU_0277,Emna,Mejri,Female,19,Tunisian,0.0,1.22,0.98,1.63,3B82
STU_0278,Amenan,Diallo,Female,19,Ivorian,3.68,2.99,3.21,2.43,3A69
STU_0279,Mariem,Cherif,Female,21,Tunisian,1.67,2.32,1.54,1.61,4INFINI29
STU_0280,Anis,Abidi,Male,19,Tunisian,1.58,1.2,1.62,0.58,3A86
STU_0281,Rania,Khemiri,Female,19,Tunisian,2.65,3.27,2.6,1.89,5SE69
STU_0282,Ghassen,Mejri,Male,21,Tunisian,3.29,4.31,4.04,4.68,3B49
STU_0283,Nizar,Maaloul,Male,22,Tunisian,0.61,0.36,0.68,0.53,1A12
STU_0284,Hedi,Mejri,Male,21,Tunisian,3.27,4.14,3.32,4.77,3B99
STU_0285,Karim,Jaziri,Male,22,Tunisian,1.7,1.49,0.85,0.85,1A20
STU_0286,Karim,Mabrouk,Male,20,Tunisian,1.61,1.16,1.58,1.62,3B36
STU_0287,Hend,Khemiri,Female,19,Tunisian,2.65,2.73,2.61,1.71,4SIM88
STU_0288,Skander,Baccouche,Male,18,Tunisian,2.64,1.84,2.48,3.16,5TWIN20
STU_0289,Konan,Diallo,Male,19,Ivorian,1.89,2.44,1.87,0.42,5SE69
STU_0290,Hatem,Ben Ali,Male,20,Tunisian,3.07,3.16,2.86,2.82,3A88
STU_0291,Lina,Saidi,Female,19,Tunisian,1.73,1.44,1.42,0.76,2A91
STU_0292,Nabil,Toumi,Male,21,Tunisian,2.5,3.47,2.82,2.87,5GAMIX78
STU_0293,Manel,Jaziri,Female,20,Tunisian,3.64,3.84,3.49,4.79,1A72
STU_0294,Sarra,Khemiri,Female,21,Tunisian,3.74,4.05,3.94,4.21,2A71
STU_0295,Ghassen,Chebbi,Male,17,Tunisian,4.07,4.61,3.63,3.69,1A72
STU_0296,Walid,Maaloul,Male,19,Tunisian,3.56,3.2,3.2,1.79,2A06
STU_0297,Khadija,Khemiri,Female,18,Tunisian,3.43,4.49,4.15,3.85,5NIDS71
STU_0298,Bechir,Khemiri,Male,20,Tunisian,1.98,1.87,1.98,1.74,4BI83
STU_0299,Zineb,Bennani,Female,21,Moroccan,3.77,3.89,3.26,2.93,2A46
STU_0300,Ismail,Maaloul,Male,22,Tunisian,0.83,1.56,0.8,1.73,5SAE01
STU_0301,Nour,Ben Ali,Female,19,Tunisian,4.0,3.84,3.6,4.09,4INFINI29
STU_0302,Leila,Khemiri,Female,18,Tunisian,2.1,1.99,1.81,2.39,5SAE68
STU_0303,Hatem,Cherif,Male,23,Tunisian,1.21,1.89,1.95,1.39,4BI83
STU_0304,Sami,Khemiri,Male,20,Tunisian,3.95,3.91,3.59,2.28,3A21
STU_0305,Oumou,Dembele,Female,20,Malian,1.97,2.89,2.84,1.27,4SIM88
STU_0306,Youssef,Slimani,Male,23,Tunisian,2.13,2.21,2.1,2.9,1A04
STU_0307,Ghassen,Saidi,Male,18,Tunisian,2.43,3.25,2.83,2.56,2P78
STU_0308,Foued,Khemiri,Male,18,Tunisian,1.63,0.97,1.09,1.76,4ARCTIC50
STU_0309,Karim,Chebbi,Male,18,Tunisian,0.15,0.54,0.25,2.35,4GAMIX69
STU_0310,Mourad,Baccouche,Male,17,Tunisian,4.11,3.41,4.29,3.79,1A92
STU_0311,Hend,Bouazizi,Female,21,Tunisian,4.71,4.35,5.0,5.0,1A01
STU_0312,Rami,Bouazizi,Male,20,Tunisian,1.7,1.94,1.4,1.42,2A99
STU_0313,Meriem,Toumi,Female,19,Tunisian,2.67,3.31,3.17,3.11,2P81
STU_0314,Lina,Slimani,Female,23,Tunisian,2.76,2.18,1.87,1.22,1A12
STU_0315,Salma,Toumi,Female,21,Tunisian,2.19,2.43,2.58,1.04,3A78
STU_0316,Sofiene,Haddad,Male,22,Tunisian,2.26,1.42,2.24,0.76,2P11
STU_0317,Rim,Maaloul,Female,21,Tunisian,2.4,3.12,2.36,2.8,3B49
STU_0318,Lotfi,Jebali,Male,19,Tunisian,0.43,0.45,0.33,0.36,3B99
STU_0319,Mariem,Chebbi,Female,20,Tunisian,1.93,2.66,2.35,2.38,3B35
STU_0320,Tarek,Cherif,Male,18,Tunisian,2.84,2.3,2.72,1.75,2P06
STU_0321,Tarek,Baccouche,Male,20,Tunisian,1.11,2.14,1.98,1.24,3B36
STU_0322,Anis,Ghanouchi,Male,19,Tunisian,2.63,0.82,1.53,1.37,5NIDS82
STU_0323,Aissatou,Conde,Female,18,Guinean,2.28,3.68,2.94,3.77,2P74
STU_0324,Rania,Trabelsi,Female,21,Tunisian,1.12,0.79,1.08,1.24,5SLEAM93
STU_0325,Tarek,Khemiri,Male,18,Tunisian,0.26,1.95,1.9,1.11,5INFINI98
STU_0326,Mohamed,Slimani,Male,19,Tunisian,3.51,2.85,3.23,3.78,4ARCTIC50
STU_0327,Ahmed,Haddad,Male,24,Tunisian,1.28,2.24,2.48,0.95,5BI21
STU_0328,Rami,Jebali,Male,18,Tunisian,4.25,3.5,3.06,3.41,3B82
STU_0329,Rania,Slimani,Female,21,Tunisian,2.73,2.29,2.52,2.68,4ARCTIC50
STU_0330,Ali,Mabrouk,Male,22,Tunisian,1.71,1.49,1.89,1.47,3B49
STU_0331,Hatem,Jebali,Male,21,Tunisian,4.04,2.85,3.71,4.12,2A06
STU_0332,Mehdi,Cherif,Male,31,Tunisian,3.01,2.75,2.76,1.34,5SAE01
STU_0333,Wassim,Cherif,Male,19,Tunisian,2.47,2.54,2.67,2.29,5NIDS71
STU_0334,Hatem,Abidi,Male,19,Tunisian,1.22,0.87,0.71,1.18,1A01
STU_0335,Nadia,Trabelsi,Female,19,Tunisian,2.22,2.14,2.31,2.71,4SIM81
STU_0336,Adel,Khemiri,Male,20,Tunisian,1.84,3.01,3.39,2.5,3A88
STU_0337,Nadia,Messaoudi,Female,22,Algerian,2.07,2.1,1.62,1.86,2A99
STU_0338,Salah,Yahiaoui,Male,20,Algerian,3.5,4.31,4.14,4.11,3B21
STU_0339,Mehdi,Toumi,Male,17,Tunisian,3.66,3.81,3.73,4.14,4BI77
STU_0340,Nizar,Ghanouchi,Male,20,Tunisian,2.51,1.7,2.46,3.16,1A76
STU_0341,Fanta,Kante,Female,20,Guinean,0.66,2.31,1.0,1.92,2A99
STU_0342,Adel,Toumi,Male,20,Tunisian,2.03,1.52,2.17,1.23,4IOSYS55
STU_0343,Sarra,Maaloul,Female,20,Tunisian,0.93,1.33,0.87,0.47,4NIDS18
STU_0344,Nadia,Baccouche,Female,21,Tunisian,2.27,2.52,2.55,2.93,5BI21
STU_0345,Ines,Chebbi,Female,21,Tunisian,3.69,3.48,2.76,3.63,5SLEAM15
STU_0346,Mouna,Ben Ali,Female,20,Tunisian,1.78,2.91,2.49,1.63,5NIDS82
STU_0347,Anis,Chebbi,Male,19,Tunisian,1.3,0.22,0.35,0.0,5DS88
STU_0348,Sarra,Ben Ali,Female,18,Tunisian,2.24,1.87,2.3,2.44,5NIDS99
STU_0349,Yamina,Yahiaoui,Female,20,Algerian,2.14,2.36,2.24,1.67,4NIDS96
STU_0350,Farah,Cherif,Female,20,Tunisian,1.9,2.9,2.02,2.52,4SAE12
STU_0351,Youssef,Abidi,Male,19,Tunisian,2.19,1.93,1.71,1.82,4INFINI28
STU_0352,Ahmed,Jaziri,Male,22,Tunisian,1.81,1.93,2.64,1.51,1A90
STU_0353,Amina,Jaziri,Female,18,Tunisian,1.3,2.0,1.58,2.53,3B99
STU_0354,Asma,Abidi,Female,19,Tunisian,3.79,3.73,3.75,2.84,2P78
STU_0355,Iheb,Jaziri,Male,18,Tunisian,1.6,2.1,2.16,1.94,2A98
STU_0356,Asma,Baccouche,Female,21,Tunisian,1.78,2.3,2.22,3.04,4GAMIX69
STU_0357,Jamal,Berrada,Male,22,Moroccan,1.0,1.28,1.4,0.0,1A92
STU_0358,Khadija,El Idrissi,Female,17,Moroccan,3.36,2.69,3.0,2.9,3B82
STU_0359,Aliou,Faye,Male,22,Senegalese,3.62,2.93,3.36,2.93,5ARCTIC38
STU_0360,Fares,Haddad,Male,18,Tunisian,3.02,3.77,2.87,1.81,3B46
STU_0361,Hicham,Tazi,Male,23,Moroccan,2.7,2.03,1.91,2.51,2P69
STU_0362,Sofiene,Ben Ali,Male,22,Tunisian,2.3,3.16,2.18,3.45,5DS88
STU_0363,Mariem,Khemiri,Female,19,Tunisian,3.6,3.44,3.9,2.58,1A32
STU_0364,Rami,Saidi,Male,21,Tunisian,1.27,1.28,1.07,0.99,4NIDS18
STU_0365,Rim,Chebbi,Female,19,Tunisian,2.87,2.01,3.26,3.58,4IOSYS92
STU_0366,Bechir,Maaloul,Male,20,Tunisian,1.91,3.15,2.23,3.58,4SE64
STU_0367,Sami,Jaziri,Male,21,Tunisian,2.63,1.8,1.42,1.78,4BI83
STU_0368,Fatma,Maaloul,Female,20,Tunisian,2.34,2.51,2.75,1.98,2A98
STU_0369,Mehdi,Abidi,Male,18,Tunisian,1.55,2.19,1.94,1.04,4NIDS18
STU_0370,Manel,Cherif,Female,19,Tunisian,0.96,0.99,1.66,2.18,3A41
STU_0371,Omar,Khemiri,Male,22,Tunisian,3.41,2.67,2.78,1.39,4SAE12
STU_0372,Nour,Saidi,Female,21,Tunisian,2.98,3.79,2.83,1.74,5GAMIX78
STU_0373,Manel,Ghanouchi,Female,20,Tunisian,2.24,3.13,3.2,3.02,2A46
STU_0374,Mehdi,Chebbi,Male,20,Tunisian,3.45,3.62,3.04,2.6,3B21
STU_0375,Walid,Jebali,Male,18,Tunisian,2.08,2.27,2.26,1.04,2A71
STU_0376,Fares,Toumi,Male,19,Tunisian,2.53,2.07,2.36,2.73,1A92
STU_0377,Karim,Khemiri,Male,18,Tunisian,3.7,3.51,3.95,3.03,3B49
STU_0378,Skander,Saidi,Male,19,Tunisian,2.1,1.11,1.98,1.8,1A92
STU_0379,Dorra,Bouazizi,Female,22,Tunisian,1.96,1.62,1.92,1.62,4DS15
STU_0380,Emna,Baccouche,Female,23,Tunisian,4.09,3.25,3.76,1.72,2A99
STU_0381,Karim,Baccouche,Male,21,Tunisian,2.51,2.53,3.13,2.67,2P81
STU_0382,Amine,Khemiri,Male,19,Tunisian,1.42,3.15,1.69,2.69,4SIM81
STU_0383,Hiba,Jaziri,Female,19,Tunisian,2.68,3.2,3.31,2.51,5SLEAM15
STU_0384,Adama,Kouame,Male,18,Ivorian,2.38,2.52,2.02,3.43,2P69
STU_0385,Lina,Bouazizi,Female,21,Tunisian,3.57,1.63,1.33,2.53,2A71
STU_0386,Rania,Chebbi,Female,18,Tunisian,2.6,2.32,2.02,3.09,5SE44
STU_0387,Yasmine,Chebbi,Female,20,Tunisian,2.84,1.43,2.08,2.04,2A71
STU_0388,Dorra,Slimani,Female,18,Tunisian,3.52,2.8,3.28,1.2,1A32
STU_0389,Zied,Jebali,Male,18,Tunisian,1.91,1.5,2.11,1.65,3B49
STU_0390,Sami,Maaloul,Male,17,Tunisian,1.24,0.08,0.72,1.5,5DS88
STU_0391,Dorra,Mabrouk,Female,21,Tunisian,1.92,3.01,2.52,2.94,1A04
STU_0392,Nour,Haddad,Female,18,Tunisian,2.4,2.62,2.33,2.93,3B21
STU_0393,Asma,Ghanouchi,Female,18,Tunisian,3.95,3.62,3.8,3.25,5DS88
STU_0394,Walid,Saidi,Male,19,Tunisian,2.77,2.27,2.89,1.97,4NIDS18
STU_0395,Manel,Baccouche,Female,19,Tunisian,1.16,1.85,2.08,1.34,4ARCTIC50
STU_0396,Samira,Mejri,Female,19,Tunisian,3.53,3.89,3.85,4.22,4INFINI29
STU_0397,Zied,Maaloul,Male,19,Tunisian,2.33,1.69,2.02,3.06,1A30
STU_0398,Sami,Jebali,Male,20,Tunisian,3.26,2.69,2.8,3.42,5SAE68
STU_0399,Mohamed,Ghanouchi,Male,23,Tunisian,1.68,1.94,1.33,1.32,2P81
STU_0400,Mouna,Mabrouk,Female,21,Tunisian,3.4,3.43,3.46,3.98,4IOSYS92
STU_0401,Iheb,Jebali,Male,18,Tunisian,2.1,1.36,1.58,0.83,1A44
STU_0402,Salma,Abidi,Female,23,Tunisian,3.27,3.7,3.79,3.19,2A46
STU_0403,Oumaima,Khemiri,Female,21,Tunisian,2.3,3.51,2.68,2.32,5SLEAM15
STU_0404,Amel,Slimani,Female,22,Tunisian,2.25,2.69,2.9,3.41,4IOSYS92
STU_0405,Walid,Khemiri,Male,19,Tunisian,2.52,2.94,2.01,2.7,5BI21
STU_0406,Oumaima,Slimani,Female,21,Tunisian,1.76,1.94,2.06,2.33,5BI77
STU_0407,Iheb,Mabrouk,Male,20,Tunisian,2.51,2.16,2.38,1.96,3A41
STU_0408,Mourad,Ghanouchi,Male,21,Tunisian,2.86,2.21,2.15,2.35,5SLEAM93
STU_0409,Ghassen,Abidi,Male,19,Tunisian,3.3,3.52,3.92,2.96,5SE44
STU_0410,Mohamed,Mejri,Male,23,Tunisian,1.81,0.98,1.58,2.26,2A13
STU_0411,Anis,Toumi,Male,22,Tunisian,3.64,2.65,3.45,2.17,1A92
STU_0412,Rim,Ghanouchi,Female,21,Tunisian,3.51,2.96,3.22,3.29,4GAMIX69
STU_0413,Rami,Khemiri,Male,19,Tunisian,2.12,0.57,1.37,1.24,2P81
STU_0414,Latifa,Benjelloun,Female,21,Moroccan,2.44,2.73,2.67,2.71,3A78
STU_0415,Nabil,Saidi,Male,20,Tunisian,1.72,1.99,2.31,2.67,4SAE19
STU_0416,Hend,Haddad,Female,23,Tunisian,4.11,4.13,4.2,3.84,2P06
STU_0417,Hedi,Haddad,Male,21,Tunisian,2.91,2.12,2.61,2.12,2P11
STU_0418,Lotfi,Mabrouk,Male,21,Tunisian,2.45,2.68,2.27,1.88,4INFINI28
STU_0419,Wided,Haddad,Female,20,Tunisian,2.39,1.66,1.81,2.41,4SIM88
STU_0420,Meriem,Abidi,Female,20,Tunisian,1.9,2.13,1.64,1.83,3B46
STU_0421,Mehdi,Ghanouchi,Male,20,Tunisian,2.62,1.99,2.19,2.25,1A20
STU_0422,Walid,Baccouche,Male,21,Tunisian,2.9,3.68,2.95,3.95,5SIM65
STU_0423,Yasmine,Toumi,Female,20,Tunisian,2.75,3.11,3.48,1.81,1A32
STU_0424,Siwar,Saidi,Female,19,Tunisian,1.59,1.36,2.32,1.11,2P69
STU_0425,Ali,Bouazizi,Male,20,Tunisian,3.25,1.55,2.43,2.57,3B99
STU_0426,Hatem,Bouazizi,Male,21,Tunisian,2.77,2.35,3.56,2.11,4INFINI29
STU_0427,Foued,Jaziri,Male,34,Tunisian,3.18,2.92,2.48,3.47,1A29
STU_0428,Anis,Mabrouk,Male,20,Tunisian,2.33,2.23,2.88,2.65,4IOSYS92
STU_0429,Adel,Slimani,Male,22,Tunisian,1.86,2.32,2.03,2.19,3A86
STU_0430,Pierre,Moussa,Male,18,Cameroonian,2.99,3.39,2.85,4.02,5INFINI98
STU_0431,Hassan,Benjelloun,Male,20,Moroccan,2.62,1.47,1.62,2.34,1A92
STU_0432,Ismail,Ghanouchi,Male,18,Tunisian,1.26,1.54,1.26,1.39,1A20
STU_0433,Ismail,Slimani,Male,21,Tunisian,3.44,2.8,3.33,2.79,5SAE68
STU_0434,Mehdi,Mejri,Male,19,Tunisian,3.19,2.49,3.46,3.81,1A32
STU_0435,Meriem,Jaziri,Female,20,Tunisian,2.54,1.19,1.53,1.95,3B82
STU_0436,Chaima,Toumi,Female,20,Tunisian,1.9,2.62,2.47,2.61,5SAE01
STU_0437,Amel,Chebbi,Female,31,Tunisian,2.49,3.17,2.96,2.81,5SIM70
STU_0438,Houria,Mansouri,Female,20,Algerian,2.62,3.56,2.74,3.25,3B36
STU_0439,Samira,Cherif,Female,18,Tunisian,3.18,3.05,3.27,2.33,5SLEAM15
STU_0440,Fares,Abidi,Male,19,Tunisian,2.82,1.78,2.69,3.41,5NIDS99
STU_0441,Ines,Slimani,Female,20,Tunisian,0.53,2.03,1.43,1.53,5SLEAM15
STU_0442,Amadou,Diouf,Male,19,Senegalese,1.5,1.37,1.48,1.61,3B99
STU_0443,Sekou,Sidibe,Male,18,Malian,1.16,1.46,0.54,1.09,5NIDS65
STU_0444,Amel,Mejri,Female,18,Tunisian,2.65,2.27,2.35,1.79,4SAE19
STU_0445,Asma,Bouazizi,Female,20,Tunisian,2.84,3.4,2.91,3.5,1A76
STU_0446,Nadia,Maaloul,Female,19,Tunisian,3.62,2.79,3.17,2.65,3B49
STU_0447,Nadia,Mansouri,Female,20,Algerian,2.32,1.44,2.98,2.54,5NIDS99
STU_0448,Ghassen,Baccouche,Male,21,Tunisian,2.27,1.25,1.78,1.35,4NIDS18
STU_0449,Mariem,Mejri,Female,20,Tunisian,4.98,3.93,4.85,4.0,2P14
STU_0450,Sarra,Toumi,Female,21,Tunisian,2.53,3.45,3.06,2.87,3B90
STU_0451,Mariem,Jebali,Female,21,Tunisian,2.44,2.06,2.6,1.18,1A76
STU_0452,Hend,Slimani,Female,20,Tunisian,2.85,3.57,3.34,2.46,1A76
STU_0453,Chaima,Trabelsi,Female,21,Tunisian,2.33,2.45,2.94,3.42,4IOSYS52
STU_0454,Mohamed,Cherif,Male,19,Tunisian,3.56,2.92,3.08,3.86,1A18
STU_0455,Ismail,Mabrouk,Male,17,Tunisian,2.87,3.27,3.04,2.0,2P69
STU_0456,Salma,Jaziri,Female,20,Tunisian,2.57,3.11,3.2,2.53,3B90
STU_0457,Rim,Abidi,Female,19,Tunisian,1.4,2.0,1.66,1.91,1A29
STU_0458,Amar,Slimani,Male,21,Algerian,2.04,2.21,2.17,2.53,5NIDS71
STU_0459,Wided,Abidi,Female,19,Tunisian,3.05,3.76,3.88,3.07,5SAE01
STU_0460,Nabil,Maaloul,Male,19,Tunisian,4.46,3.48,4.03,3.03,1A30
STU_0461,Ismail,Mejri,Male,17,Tunisian,3.96,1.58,2.98,2.73,1A04
STU_0462,Farah,Trabelsi,Female,25,Tunisian,2.03,2.33,1.98,1.28,5SAE68
STU_0463,Ali,Ghanouchi,Male,22,Tunisian,4.04,3.26,4.25,3.86,2P06
STU_0464,Hedi,Ghanouchi,Male,21,Tunisian,1.33,0.14,0.0,0.23,5DS88
STU_0465,Rami,Toumi,Male,21,Tunisian,3.22,3.6,4.11,4.5,5NIDS65
STU_0466,Omar,Jebali,Male,18,Tunisian,3.06,3.69,3.15,3.26,5BI21
STU_0467,Djillali,Messaoudi,Male,20,Algerian,0.88,1.65,1.55,1.38,5GAMIX78
STU_0468,Foued,Jebali,Male,18,Tunisian,2.72,2.55,2.36,2.04,5NIDS71
STU_0469,Chaima,Ghanouchi,Female,21,Tunisian,3.01,2.68,3.13,2.88,4BI77
STU_0470,Mouna,Jebali,Female,18,Tunisian,2.35,3.21,2.71,2.25,4NIDS18
STU_0471,Hiba,Chebbi,Female,20,Tunisian,2.01,1.39,1.8,2.13,5NIDS65
STU_0472,Rania,Bouazizi,Female,21,Tunisian,2.73,3.22,2.47,2.8,4ARCTIC28
STU_0473,Bechir,Baccouche,Male,20,Tunisian,3.46,3.05,3.56,3.15,5SE69
STU_0474,Zied,Bouazizi,Male,19,Tunisian,2.07,2.7,2.61,2.27,5SE44
STU_0475,Leila,Ben Ali,Female,22,Tunisian,3.36,3.01,2.75,2.72,1A29
STU_0476,Ahou,Konan,Female,20,Ivorian,2.63,3.29,2.87,2.43,5SIM65
STU_0477,Hend,Ghanouchi,Female,19,Tunisian,1.79,2.82,1.8,2.2,5NIDS71
STU_0478,Skander,Toumi,Male,20,Tunisian,1.23,0.73,1.58,2.84,1A12
STU_0479,Emna,Trabelsi,Female,18,Tunisian,2.06,2.72,2.78,3.12,5NIDS71
STU_0480,Mourad,Mejri,Male,23,Tunisian,3.16,1.74,1.92,2.63,2A71
STU_0481,Sonia,Slimani,Female,20,Tunisian,4.83,5.0,4.58,3.75,4GAMIX69
STU_0482,Yamina,Brahimi,Female,21,Algerian,1.82,1.63,2.27,1.82,3B99
STU_0483,Lina,Mejri,Female,18,Tunisian,2.47,2.39,2.72,3.3,2A99
STU_0484,Sonia,Khemiri,Female,23,Tunisian,2.84,2.92,3.26,3.93,1A32
STU_0485,Emna,Jaziri,Female,21,Tunisian,3.07,2.81,2.78,2.79,5NIDS71
STU_0486,Wided,Khemiri,Female,19,Tunisian,0.78,1.17,1.1,0.39,4TWIN96
STU_0487,Nadia,Mabrouk,Female,19,Tunisian,1.93,2.07,2.9,0.42,4ARCTIC50
STU_0488,Salma,Saidi,Female,18,Tunisian,2.75,3.58,3.23,3.66,2A13
STU_0489,Ghassen,Ghanouchi,Male,18,Tunisian,1.0,1.87,1.29,1.31,5INFINI98
STU_0490,Tarek,Ghanouchi,Male,20,Tunisian,2.79,2.49,2.38,2.21,3B90
STU_0491,Nour,Bouazizi,Female,18,Tunisian,1.95,1.62,1.4,2.08,4GAMIX69
STU_0492,Ahmed,Toumi,Male,20,Tunisian,0.83,0.19,0.59,1.89,4GAMIX69
STU_0493,Amina,Mabrouk,Female,20,Tunisian,2.5,1.93,2.77,1.15,5NIDS99
STU_0494,Ahmed,Saidi,Male,18,Tunisian,2.99,3.31,3.0,4.1,1A32
STU_0495,Ahmed,Jebali,Male,18,Tunisian,2.22,2.66,2.11,2.25,3B99
STU_0496,Samira,Maaloul,Female,22,Tunisian,2.9,3.48,4.06,3.23,5BI77
STU_0497,Diarra,Kone,Female,20,Malian,3.05,3.12,2.65,2.71,2P69
STU_0498,Oumaima,Bouazizi,Female,18,Tunisian,1.27,3.38,2.04,2.75,1A44
STU_0499,Mustapha,El Idrissi,Male,20,Moroccan,1.16,0.24,0.66,1.0,5NIDS65
STU_0500,Malika,Rahmani,Female,22,Algerian,1.14,1.74,1.17,2.1,1A90
STU_0501,Yao,Coulibaly,Male,20,Ivorian,1.44,1.92,1.48,2.79,5SE69
STU_0502,Nizar,Jebali,Male,20,Tunisian,1.2,0.19,1.05,1.45,4SE64
STU_0503,Sami,Mabrouk,Male,19,Tunisian,2.71,2.38,3.28,3.64,3B90
STU_0504,Foued,Haddad,Male,18,Tunisian,1.86,1.21,1.62,0.38,4BI83
STU_0505,Abdelkader,Messaoudi,Male,29,Algerian,1.8,1.88,2.35,2.59,2A91
STU_0506,Adel,Abidi,Male,21,Tunisian,1.49,1.09,0.99,1.35,4BI77
STU_0507,Salma,Bouazizi,Female,19,Tunisian,3.1,4.22,3.43,2.87,4SAE12
STU_0508,Hend,Saidi,Female,21,Tunisian,3.24,2.87,3.14,3.15,1A18
STU_0509,Bechir,Ben Ali,Male,20,Tunisian,2.69,2.27,2.81,2.67,1A20
STU_0510,Amina,Mejri,Female,21,Tunisian,0.37,0.31,0.21,1.32,2A49
STU_0511,Amine,Abidi,Male,22,Tunisian,2.35,1.81,1.93,3.59,2P06
STU_0512,Lotfi,Ben Ali,Male,18,Tunisian,4.18,4.53,5.0,2.58,3A78
STU_0513,Zied,Jaziri,Male,20,Tunisian,2.97,2.49,2.47,3.64,2A06
STU_0514,Asma,Mejri,Female,21,Tunisian,3.22,2.61,2.57,2.5,3B35
STU_0515,Sarra,Jaziri,Female,19,Tunisian,0.98,1.42,0.83,1.02,1A18
STU_0516,Iheb,Khemiri,Male,19,Tunisian,4.84,3.61,3.63,4.1,4GAMIX69
STU_0517,Wassim,Jebali,Male,21,Tunisian,2.29,2.56,2.38,2.26,3B82
STU_0518,Emna,Haddad,Female,20,Tunisian,1.5,1.22,1.67,1.68,5GAMIX78
STU_0519,Karim,Cherif,Male,20,Tunisian,2.25,2.17,2.5,1.15,5BI21
STU_0520,Djamila,Slimani,Female,22,Algerian,3.76,3.57,3.49,3.03,4BI77
STU_0521,Mehdi,Trabelsi,Male,19,Tunisian,3.23,2.01,1.75,3.81,4ARCTIC28
STU_0522,Samira,Abidi,Female,22,Tunisian,2.41,3.57,2.82,2.39,2P74
STU_0523,Samira,Jaziri,Female,20,Tunisian,0.73,1.21,1.72,1.76,4SAE19
STU_0524,Skander,Khemiri,Male,22,Tunisian,0.7,0.32,0.16,0.35,1A90
STU_0525,Hiba,Haddad,Female,19,Tunisian,1.95,0.96,1.3,0.99,2P06
STU_0526,Foued,Saidi,Male,17,Tunisian,2.74,2.38,2.49,2.99,1A05
STU_0527,Amel,Toumi,Female,20,Tunisian,1.56,2.83,1.88,1.93,2P69
STU_0528,Samira,Ben Ali,Female,21,Tunisian,3.08,2.78,3.06,2.29,4INFINI29
STU_0529,Hend,Mabrouk,Female,19,Tunisian,1.52,1.43,1.44,2.43,1A76
STU_0530,Lotfi,Cherif,Male,20,Tunisian,2.61,3.71,3.44,1.95,1A05
STU_0531,Nabil,Mabrouk,Male,20,Tunisian,2.05,2.36,1.63,2.13,1A20
STU_0532,Wided,Ghanouchi,Female,18,Tunisian,2.9,2.57,3.3,2.61,5ARCTIC38
STU_0533,Amel,Saidi,Female,24,Tunisian,2.57,3.39,2.76,3.08,2P06
STU_0534,Salma,Ghanouchi,Female,19,Tunisian,2.37,4.21,2.63,4.07,1A72
STU_0535,Fares,Bouazizi,Male,18,Tunisian,2.76,2.63,2.5,4.66,1A76
STU_0536,Walid,Trabelsi,Male,20,Tunisian,2.48,3.64,3.85,4.01,2A99
STU_0537,Khadija,Ben Ali,Female,21,Tunisian,2.29,1.65,2.23,2.19,5NIDS71
STU_0538,Lina,Toumi,Female,20,Tunisian,1.9,2.99,2.23,1.06,5SLEAM93
STU_0539,Mariem,Slimani,Female,17,Tunisian,3.0,3.46,3.84,3.09,1A90
STU_0540,Ahmed,Khemiri,Male,18,Tunisian,2.21,2.49,2.26,3.72,4IOSYS92
STU_0541,Rami,Chebbi,Male,22,Tunisian,3.18,2.53,2.69,3.05,4SIM66
STU_0542,Leila,Chebbi,Female,18,Tunisian,3.75,4.19,3.96,2.63,5SLEAM93
STU_0543,Hiba,Trabelsi,Female,18,Tunisian,3.42,3.85,2.63,3.32,3B36
STU_0544,Fatma,Toumi,Female,22,Tunisian,4.69,3.74,2.86,3.81,1A44
STU_0545,Wassim,Mejri,Male,20,Tunisian,1.59,0.12,0.79,0.27,1A76
STU_0546,Farah,Abidi,Female,22,Tunisian,2.5,2.85,2.89,3.98,2A71
STU_0547,Farah,Chebbi,Female,21,Tunisian,3.24,2.53,3.15,2.24,2A06
STU_0548,Siwar,Ben Ali,Female,22,Tunisian,4.92,4.34,4.84,3.81,2P78
STU_0549,Sarra,Chebbi,Female,19,Tunisian,2.46,3.2,2.96,3.62,2A46
STU_0550,Modou,Gueye,Male,23,Senegalese,3.47,1.56,1.82,1.75,1A18
STU_0551,Khadija,Chebbi,Female,21,Tunisian,2.6,2.1,2.91,0.86,4INFINI29
STU_0552,Mustafa,Mohamed,Male,22,Libyan,3.55,3.3,3.09,4.68,2P11
STU_0553,Hassan,Berrada,Male,19,Moroccan,3.44,2.65,3.24,2.06,2A49
STU_0554,Sofiene,Maaloul,Male,18,Tunisian,0.85,1.76,1.76,2.31,5BI21
STU_0555,Wided,Jebali,Female,20,Tunisian,3.33,3.65,4.48,2.8,3A21
STU_0556,Amel,Baccouche,Female,20,Tunisian,1.85,2.0,1.37,1.66,5SE69
STU_0557,Rania,Saidi,Female,21,Tunisian,3.65,3.76,4.4,3.25,4GAMIX69
STU_0558,Oumaima,Mabrouk,Female,21,Tunisian,2.0,1.81,2.5,1.57,4INFINI29
STU_0559,Sonia,Saidi,Female,20,Tunisian,2.73,4.45,3.79,2.81,5SLEAM93
STU_0560,Wided,Toumi,Female,19,Tunisian,3.04,3.44,3.12,4.23,4INFINI29
STU_0561,Mourad,Bouazizi,Male,22,Tunisian,3.3,2.4,3.06,2.55,5ARCTIC81
STU_0562,Nabil,Haddad,Male,21,Tunisian,3.19,2.59,3.42,4.0,1A05
STU_0563,Wassim,Maaloul,Male,18,Tunisian,2.44,2.96,3.63,2.01,1A90
STU_0564,Amine,Slimani,Male,19,Tunisian,2.13,2.28,1.99,3.18,4GAMIX69
STU_0565,Rim,Jebali,Female,22,Tunisian,3.66,3.32,3.23,3.14,3B35
STU_0566,Omar,Cherif,Male,20,Tunisian,1.37,3.32,1.28,2.14,4TWIN96
STU_0567,Hedi,Jaziri,Male,19,Tunisian,2.18,1.57,2.01,1.43,2P74
STU_0568,Hiba,Baccouche,Female,18,Tunisian,0.63,1.89,2.09,0.0,4NIDS96
STU_0569,Amel,Maaloul,Female,21,Tunisian,1.47,3.47,2.29,2.06,3A21
STU_0570,Rim,Ben Ali,Female,21,Tunisian,2.91,2.4,1.91,2.29,2A13
STU_0571,Alpha,Bah,Male,19,Guinean,2.69,2.3,2.16,2.44,5ARCTIC38
STU_0572,Wassim,Mabrouk,Male,19,Tunisian,2.43,2.48,1.89,2.19,3B49
STU_0573,Nabil,Baccouche,Male,32,Tunisian,3.45,2.7,2.73,1.63,2A13
STU_0574,Lotfi,Jaziri,Male,19,Tunisian,3.1,4.0,2.56,3.64,5SE69
STU_0575,Hatem,Maaloul,Male,21,Tunisian,2.47,2.02,2.32,1.53,1A01
STU_0576,Hend,Chebbi,Female,20,Tunisian,0.3,1.29,0.75,0.54,5ARCTIC38
STU_0577,Nadia,Bouazizi,Female,20,Tunisian,2.19,2.18,2.61,2.58,2A91
STU_0578,Lotfi,Mejri,Male,33,Tunisian,1.6,1.53,1.32,2.07,3B36
STU_0579,Omar,Bouazizi,Male,19,Tunisian,1.44,2.48,2.37,1.91,5ARCTIC81
STU_0580,Fatma,Trabelsi,Female,19,Tunisian,1.59,1.82,1.42,1.26,5GAMIX78
STU_0581,Sofiene,Cherif,Male,18,Tunisian,2.84,3.77,2.93,3.42,5NIDS82
STU_0582,Amine,Maaloul,Male,20,Tunisian,3.41,4.61,3.64,4.23,5GAMIX78
STU_0583,Iheb,Chebbi,Male,19,Tunisian,3.6,2.88,3.69,2.2,4INFINI29
STU_0584,Farah,Baccouche,Female,19,Tunisian,3.22,4.29,3.36,2.69,4IOSYS92
STU_0585,Nizar,Mejri,Male,24,Tunisian,1.42,1.55,0.41,1.23,3A41
STU_0586,Hedi,Saidi,Male,21,Tunisian,2.82,2.21,2.11,3.52,3B49
STU_0587,Sonia,Trabelsi,Female,22,Tunisian,3.62,4.17,4.32,3.27,4TWIN96
STU_0588,Yasmine,Jebali,Female,18,Tunisian,3.51,3.38,3.56,3.61,2P14
STU_0589,Mourad,Abidi,Male,20,Tunisian,1.84,0.9,1.56,1.25,2P78
STU_0590,Thierno,Toure,Male,22,Guinean,1.47,1.24,1.66,2.27,4DS15
STU_0591,Skander,Ben Ali,Male,21,Tunisian,1.64,1.99,2.05,2.7,4IOSYS92
STU_0592,Zied,Cherif,Male,20,Tunisian,0.4,1.81,0.94,1.5,2P69
STU_0593,Adel,Mabrouk,Male,18,Tunisian,1.55,2.57,1.97,1.93,2A98
STU_0594,Said,Mansouri,Male,17,Algerian,0.44,1.01,0.07,2.01,2A91
STU_0595,Bechir,Abidi,Male,20,Tunisian,1.81,1.1,1.31,1.88,1A32
STU_0596,Khadija,Abidi,Female,18,Tunisian,1.22,1.62,1.82,1.47,3A69
STU_0597,Fares,Ben Ali,Male,19,Tunisian,1.43,2.57,2.53,2.18,4SIM66
STU_0598,Bechir,Jaziri,Male,21,Tunisian,0.68,0.31,1.16,1.5,3A69
STU_0599,Jeanne,Njoya,Female,21,Cameroonian,3.94,3.07,3.86,4.47,1A29
STU_0600,Mohamed,Bouazizi,Male,19,Tunisian,3.06,1.67,2.37,3.19,4SAE12
STU_0601,Sarra,Baccouche,Female,20,Tunisian,3.36,3.59,4.0,2.45,1A76
STU_0602,Salma,Maaloul,Female,18,Tunisian,1.02,0.2,1.14,0.72,3B46
STU_0603,Nadia,Mejri,Female,20,Tunisian,1.85,2.37,2.61,2.65,2A06
STU_0604,Ousmane,Gueye,Male,22,Senegalese,0.0,0.73,0.44,0.0,5BI21
STU_0605,Walid,Chebbi,Male,21,Tunisian,3.78,4.23,4.07,3.79,5SIM65
STU_0606,Mohamed,Trabelsi,Male,20,Tunisian,2.16,2.71,2.73,3.75,2P81
STU_0607,Anis,Khemiri,Male,22,Tunisian,1.8,1.47,2.15,1.31,5TWIN20
STU_0608,Aboubacar,Camara,Male,18,Guinean,2.56,3.4,2.93,4.05,5TWIN20
STU_0609,Cheikh,Diallo,Male,20,Senegalese,3.07,2.97,4.03,2.32,4BI77
STU_0610,Zied,Ben Ali,Male,20,Tunisian,1.33,1.97,1.82,1.63,2P81
STU_0611,Nathalie,Ngwa,Female,19,Cameroonian,1.69,2.02,1.94,1.48,4INFINI29
STU_0612,Sonia,Toumi,Female,19,Tunisian,1.56,2.02,2.06,2.03,4TWIN96
STU_0613,Fatma,Bouazizi,Female,20,Tunisian,2.13,1.81,1.49,1.84,2A49
STU_0614,Amine,Trabelsi,Male,19,Tunisian,2.8,2.31,2.47,3.41,2P06
STU_0615,Omar,Haddad,Male,20,Tunisian,2.13,2.31,1.94,2.34,3A30
STU_0616,Nadia,Ben Ali,Female,20,Tunisian,1.06,1.5,0.94,2.64,2P74
STU_0617,Hend,Jaziri,Female,21,Tunisian,0.9,2.22,1.45,0.18,5GAMIX78
STU_0618,Rim,Khemiri,Female,20,Tunisian,3.51,3.58,3.93,2.91,1A72
STU_0619,Imane,Berrada,Female,19,Moroccan,3.52,4.3,3.53,3.58,2A13
STU_0620,Youssef,Toumi,Male,22,Tunisian,2.39,2.2,1.76,2.35,2A99
STU_0621,Hassan,El Idrissi,Male,21,Moroccan,3.24,3.91,3.16,1.92,1A29
STU_0622,Kheira,Haddad,Female,19,Algerian,2.38,2.75,2.29,2.57,5SE44
STU_0623,Karim,Slimani,Male,18,Tunisian,2.98,3.56,3.64,2.84,4BI83
STU_0624,Hiba,Jebali,Female,17,Tunisian,2.32,3.52,3.61,2.92,4INFINI28
STU_0625,Chaima,Chebbi,Female,17,Tunisian,3.36,3.74,3.44,4.06,5SLEAM93
STU_0626,Rim,Baccouche,Female,19,Tunisian,4.1,3.4,3.08,3.95,5SAE01
STU_0627,Ali,Baccouche,Male,21,Tunisian,1.26,0.52,1.63,1.15,2P06
STU_0628,Ali,Trabelsi,Male,18,Tunisian,1.56,1.59,1.13,0.67,4TWIN96
STU_0629,Omar,Toumi,Male,20,Tunisian,4.89,3.35,4.49,4.51,2A46
STU_0630,Hend,Ben Ali,Female,19,Tunisian,3.86,2.4,3.49,1.74,4ARCTIC50
STU_0631,Nizar,Khemiri,Male,20,Tunisian,3.67,5.0,4.15,3.83,4BI77
STU_0632,Amina,Chebbi,Female,19,Tunisian,3.99,3.94,3.56,4.55,4IOSYS52
STU_0633,Ismail,Chebbi,Male,20,Tunisian,4.01,3.84,4.1,4.79,3B90
STU_0634,Iheb,Bouazizi,Male,21,Tunisian,1.59,1.14,1.16,1.49,3B49
STU_0635,Amina,Ben Ali,Female,20,Tunisian,2.22,2.46,3.49,2.02,4IOSYS92
STU_0636,Hatem,Saidi,Male,21,Tunisian,2.44,1.69,2.26,2.05,5SLEAM93
STU_0637,Mouna,Maaloul,Female,21,Tunisian,1.66,1.29,1.37,0.52,1A01
STU_0638,Bechir,Mabrouk,Male,18,Tunisian,0.49,1.74,1.55,2.33,2P74
STU_0639,Karim,Mejri,Male,20,Tunisian,1.91,2.21,2.32,2.88,3B90
STU_0640,Asma,Chebbi,Female,19,Tunisian,1.88,3.08,2.78,3.28,5SAE68
STU_0641,Lotfi,Maaloul,Male,18,Tunisian,2.42,1.37,2.07,1.35,1A87
STU_0642,Abdoulaye,Fall,Male,23,Senegalese,2.09,2.63,2.62,2.61,2P11
STU_0643,Fatma,Khemiri,Female,20,Tunisian,1.99,2.6,2.59,1.67,3A69
STU_0644,Amar,Saidi,Male,17,Algerian,2.29,3.06,3.29,2.86,5DS88
STU_0645,Adel,Mejri,Male,20,Tunisian,1.33,1.63,1.18,3.41,3A21
STU_0646,Mariem,Maaloul,Female,18,Tunisian,3.17,3.23,3.09,3.42,5SAE68
STU_0647,Ndeye,Diouf,Female,21,Senegalese,2.94,3.11,3.29,3.13,1A18
STU_0648,Lotfi,Saidi,Male,21,Tunisian,4.08,2.08,2.68,3.43,4SIM81
STU_0649,Emna,Slimani,Female,20,Tunisian,1.12,1.73,1.39,1.52,1A01
STU_0650,Nour,Khemiri,Female,20,Tunisian,2.96,2.71,3.18,3.1,2P78
STU_0651,Adama,Ouattara,Male,21,Ivorian,1.43,0.73,1.52,1.31,4DS15
STU_0652,Hedi,Ben Ali,Male,19,Tunisian,1.84,3.72,2.62,3.21,2A71
STU_0653,Mourad,Trabelsi,Male,17,Tunisian,1.8,2.68,2.08,3.38,2A49
STU_0654,Nadia,Cherif,Female,22,Tunisian,4.53,3.33,4.05,2.85,5SLEAM93
STU_0655,Dorra,Abidi,Female,18,Tunisian,2.0,2.54,2.75,2.46,2P74
STU_0656,Sarra,Mabrouk,Female,18,Tunisian,1.66,1.08,1.44,0.45,2A98
STU_0657,Mourad,Ben Ali,Male,18,Tunisian,1.71,2.49,1.61,2.19,2A71
STU_0658,Amine,Mabrouk,Male,21,Tunisian,1.45,2.4,1.68,2.5,5SE44
STU_0659,Amine,Toumi,Male,20,Tunisian,2.9,2.61,3.3,1.94,1A72
STU_0660,Rania,Mejri,Female,17,Tunisian,2.11,3.08,2.82,3.88,4ARCTIC28
STU_0661,Nour,Ghanouchi,Female,19,Tunisian,2.66,2.32,3.02,2.55,3B35
STU_0662,Sami,Chebbi,Male,18,Tunisian,4.0,3.82,4.15,4.85,4SE64
STU_0663,Skander,Mejri,Male,22,Tunisian,1.67,1.15,1.53,1.65,4SIM88
STU_0664,Mariem,Saidi,Female,18,Tunisian,3.31,2.29,3.35,1.99,2P74
STU_0665,Oumaima,Ghanouchi,Female,20,Tunisian,3.01,2.71,1.91,2.88,5SLEAM93
STU_0666,Youssef,Maaloul,Male,18,Tunisian,4.41,3.46,4.14,3.62,3B21
STU_0667,Sonia,Bouazizi,Female,20,Tunisian,1.37,2.12,1.78,2.15,2P11
STU_0668,Samira,Jebali,Female,21,Tunisian,2.37,2.54,2.44,1.87,4BI77
STU_0669,Emna,Ben Ali,Female,21,Tunisian,2.01,2.06,1.71,1.31,1A44
STU_0670,Ghassen,Jebali,Male,21,Tunisian,3.07,2.57,3.19,2.71,5BI21
STU_0671,Karim,Toumi,Male,23,Tunisian,2.88,2.97,2.82,1.95,4BI77
STU_0672,Tarek,Jaziri,Male,21,Tunisian,2.16,2.8,2.59,2.73,2A46
STU_0673,Ines,Ben Ali,Female,23,Tunisian,3.27,2.24,2.4,2.97,5ARCTIC81
STU_0674,Bechir,Jebali,Male,20,Tunisian,1.56,2.48,2.61,1.88,1A18
STU_0675,Meriem,Cherif,Female,21,Tunisian,0.92,1.12,0.87,0.0,1A92
STU_0676,Nour,Abidi,Female,17,Tunisian,3.28,3.34,2.88,3.44,2A13
STU_0677,Amel,Bouazizi,Female,17,Tunisian,2.6,3.03,3.94,3.03,4SAE19
STU_0678,Siwar,Haddad,Female,21,Tunisian,2.77,2.59,2.79,2.44,3B35
STU_0679,Chaima,Mabrouk,Female,19,Tunisian,1.09,1.4,0.95,2.77,3B36
STU_0680,Sofiene,Bouazizi,Male,19,Tunisian,3.06,3.08,2.98,3.06,2A98
STU_0681,Sami,Baccouche,Male,23,Tunisian,1.4,1.44,1.81,2.55,5SE44
STU_0682,Samira,Ghanouchi,Female,21,Tunisian,3.69,3.24,3.67,3.89,1A20
STU_0683,Nour,Jebali,Female,18,Tunisian,2.32,1.96,2.26,2.42,1A20
STU_0684,Mohamed,Baccouche,Male,21,Tunisian,2.27,1.01,1.95,0.28,2A99
STU_0685,Leila,Mejri,Female,21,Tunisian,1.53,2.08,1.33,1.87,4SE64
STU_0686,Walid,Mabrouk,Male,18,Tunisian,1.63,2.23,1.35,1.93,2P81
STU_0687,Sofiene,Mabrouk,Male,18,Tunisian,3.53,4.32,4.14,3.38,5GAMIX78
STU_0688,Fares,Cherif,Male,21,Tunisian,3.33,2.17,2.27,2.3,3B35
STU_0689,Iheb,Trabelsi,Male,19,Tunisian,1.54,1.14,0.79,0.66,3A78
STU_0690,Yamina,Haddad,Female,19,Algerian,1.84,1.9,2.13,0.89,5BI21
STU_0691,Nabil,Slimani,Male,23,Tunisian,2.04,2.11,2.25,2.12,4INFINI28
STU_0692,Samira,El Idrissi,Female,31,Moroccan,1.16,2.58,1.27,2.92,4IOSYS52
STU_0693,Hiba,Abidi,Female,20,Tunisian,3.49,4.42,4.04,3.32,5NIDS82
STU_0694,Amine,Bouazizi,Male,19,Tunisian,1.62,2.18,2.81,1.45,1A44
STU_0695,Siwar,Maaloul,Female,19,Tunisian,2.79,2.51,2.19,3.5,1A87
STU_0696,Tarek,Saidi,Male,21,Tunisian,1.61,0.88,0.79,0.55,5SE44
STU_0697,Nadia,Saidi,Female,22,Tunisian,2.4,2.7,2.79,2.89,4IOSYS92
STU_0698,Hedi,Maaloul,Male,20,Tunisian,2.62,1.91,2.1,2.73,3B36
STU_0699,Sofiene,Abidi,Male,20,Tunisian,1.61,2.46,2.21,1.41,4BI83
STU_0700,Oumaima,Baccouche,Female,18,Tunisian,1.26,1.65,1.3,1.29,4SIM66
STU_0701,Adel,Ben Ali,Male,21,Tunisian,2.65,2.35,2.93,3.12,1A76
STU_0702,Iheb,Cherif,Male,20,Tunisian,2.61,2.11,2.02,1.06,5NIDS82
STU_0703,Mourad,Maaloul,Male,21,Tunisian,2.1,2.49,0.86,1.75,4IOSYS92
STU_0704,Ahmed,Trabelsi,Male,22,Tunisian,1.22,1.82,1.43,2.16,3A78
STU_0705,Nour,Mejri,Female,18,Tunisian,1.55,2.21,1.29,1.57,2P81
STU_0706,Salma,Ben Ali,Female,19,Tunisian,2.62,3.23,3.14,2.69,3A88
STU_0707,Meriem,Mabrouk,Female,19,Tunisian,3.12,3.86,3.09,4.19,3A69
STU_0708,Hedi,Bouazizi,Male,19,Tunisian,3.49,2.73,2.79,2.35,3B36
STU_0709,Ali,Saidi,Male,20,Algerian,1.28,1.75,0.31,1.37,4TWIN96
STU_0710,Zied,Haddad,Male,22,Tunisian,2.53,1.8,1.93,2.19,3B90
STU_0711,Iheb,Ghanouchi,Male,21,Tunisian,2.4,3.27,3.47,3.71,2A13
STU_0712,Lina,Abidi,Female,20,Tunisian,2.29,1.87,1.52,2.48,4BI77
STU_0713,Dorra,Jaziri,Female,19,Tunisian,1.65,2.72,2.16,2.1,1A44
STU_0714,Siwar,Toumi,Female,18,Tunisian,2.61,2.59,2.83,2.58,4NIDS18
STU_0715,Ines,Bouazizi,Female,27,Tunisian,1.09,1.68,1.68,0.87,3A78
STU_0716,Leila,Bouazizi,Female,21,Tunisian,2.82,3.72,2.44,3.46,4SIM88
STU_0717,Chaima,Baccouche,Female,22,Tunisian,3.08,3.17,3.61,3.29,3B99
STU_0718,Sofiene,Ghanouchi,Male,21,Tunisian,2.16,1.73,1.92,1.63,1A44
STU_0719,Mouna,Khemiri,Female,20,Tunisian,2.62,2.33,2.34,3.13,3A30
STU_0720,Farah,Haddad,Female,21,Tunisian,2.49,3.14,2.9,1.76,4NIDS18
STU_0721,Ali,Abidi,Male,20,Tunisian,2.39,2.61,2.98,0.82,5NIDS71
STU_0722,Zineb,Benjelloun,Female,19,Moroccan,3.49,2.6,3.55,3.56,4ARCTIC50
STU_0723,Ali,Jaziri,Male,20,Tunisian,2.55,1.71,2.08,2.61,5GAMIX78
STU_0724,Skander,Mabrouk,Male,18,Tunisian,2.22,2.22,2.47,3.42,3A88
STU_0725,Fares,Khemiri,Male,34,Tunisian,1.92,2.48,1.99,1.95,3B36
STU_0726,Anis,Bouazizi,Male,19,Tunisian,1.45,2.71,2.32,2.71,5NIDS82
STU_0727,Ahmed,Chebbi,Male,22,Tunisian,4.6,4.65,4.51,5.0,1A30
STU_0728,Amina,Jebali,Female,21,Tunisian,2.34,2.28,2.11,1.2,4GAMIX69
STU_0729,Hiba,Bouazizi,Female,21,Tunisian,0.58,1.39,0.92,0.23,2A91
STU_0730,Mouna,Baccouche,Female,18,Tunisian,3.88,3.89,3.54,3.61,3B21
STU_0731,Meriem,Jebali,Female,20,Tunisian,2.44,2.61,2.9,1.01,1A90
STU_0732,Fatoumata,Ouattara,Female,20,Ivorian,2.06,3.19,2.56,1.53,5SE69
STU_0733,Sofiene,Baccouche,Male,18,Tunisian,3.64,2.89,3.08,3.05,4IOSYS52
STU_0734,Nizar,Chebbi,Male,21,Tunisian,3.47,2.47,2.84,2.9,4IOSYS52
STU_0735,Sami,Mejri,Male,21,Tunisian,2.53,2.11,2.7,2.31,3B90
STU_0736,Yasmine,Baccouche,Female,19,Tunisian,2.7,3.65,3.08,3.54,4INFINI29
STU_0737,Lotfi,Khemiri,Male,19,Tunisian,1.34,1.67,2.06,1.96,4BI77
STU_0738,Rami,Cherif,Male,21,Tunisian,2.88,2.39,3.14,3.02,4BI77
STU_0739,Siwar,Jebali,Female,23,Tunisian,2.34,2.62,2.93,3.18,5SIM65
STU_0740,Hicham,Bennani,Male,22,Moroccan,1.34,1.22,1.4,1.94,2A71
STU_0741,Manel,Abidi,Female,24,Tunisian,0.59,0.0,0.26,0.28,3A88
STU_0742,Wided,Mabrouk,Female,22,Tunisian,3.55,2.74,2.97,4.11,3B90
STU_0743,Foued,Ghanouchi,Male,20,Tunisian,1.68,1.37,1.98,0.75,2A13
STU_0744,Mehdi,Haddad,Male,18,Tunisian,2.61,3.15,2.88,2.63,2P78
STU_0745,Adel,Saidi,Male,17,Tunisian,3.08,3.38,3.8,4.21,5SIM70
STU_0746,Sarra,Saidi,Female,20,Tunisian,1.85,1.25,1.98,0.95,3A69
STU_0747,Rania,Jebali,Female,18,Tunisian,1.49,2.95,2.35,2.28,1A90
STU_0748,Aya,Traore,Female,20,Ivorian,3.13,2.81,2.8,1.9,1A72
STU_0749,Mourad,Haddad,Male,19,Tunisian,0.64,0.19,0.06,1.1,1A05
STU_0750,Samira,Bouazizi,Female,21,Tunisian,2.27,1.94,2.25,2.26,2A46
STU_0751,Aissatou,Sow,Female,19,Guinean,3.59,3.15,3.34,3.74,2P78
STU_0752,Karim,Jebali,Male,21,Tunisian,1.82,0.76,1.38,0.96,5SIM65
STU_0753,Anis,Haddad,Male,20,Tunisian,2.47,1.66,1.9,0.93,2P11
STU_0754,Amine,Baccouche,Male,21,Tunisian,3.01,1.42,1.87,3.26,1A44
STU_0755,Mohamed,Jaziri,Male,19,Tunisian,2.04,3.04,2.87,2.24,1A04
STU_0756,Mouna,Saidi,Female,20,Tunisian,3.56,3.45,3.1,3.35,4NIDS96
STU_0757,Manel,Bouazizi,Female,21,Tunisian,2.27,2.82,2.75,2.79,2P69
STU_0758,Anis,Saidi,Male,18,Tunisian,2.44,2.46,2.07,1.95,3B36
STU_0759,Asma,Slimani,Female,19,Tunisian,1.42,1.75,1.85,0.68,2A71
STU_0760,Foued,Maaloul,Male,19,Tunisian,3.28,3.22,2.96,2.65,1A90
STU_0761,Chaima,Saidi,Female,18,Tunisian,2.89,2.36,2.88,1.44,3A30
STU_0762,Ismail,Jebali,Male,18,Tunisian,2.3,2.17,2.18,3.95,4TWIN96
STU_0763,Dorra,Ghanouchi,Female,20,Tunisian,4.1,4.28,3.93,3.79,4IOSYS55
STU_0764,Amine,Jebali,Male,18,Tunisian,2.19,1.94,2.37,2.05,5SAE68
STU_0765,Karim,Saidi,Male,24,Tunisian,2.85,2.89,2.79,4.14,3B35
STU_0766,Nabil,Khemiri,Male,17,Tunisian,1.26,2.0,1.3,2.46,5INFINI98
STU_0767,Mohamed,Chebbi,Male,23,Tunisian,2.89,3.0,2.86,1.63,4IOSYS52
STU_0768,Leila,Abidi,Female,23,Tunisian,2.31,2.48,2.32,3.58,1A30
STU_0769,Brahim,Slimani,Male,20,Algerian,1.92,0.95,1.2,2.89,5NIDS99
STU_0770,Adel,Ghanouchi,Male,20,Tunisian,3.61,3.23,3.47,4.33,4INFINI29
STU_0771,Youssef,Haddad,Male,20,Moroccan,2.27,2.16,2.61,4.09,4IOSYS92
STU_0772,Farah,Ben Ali,Female,20,Tunisian,2.73,1.77,2.06,1.47,2P74
STU_0773,Skander,Chebbi,Male,20,Tunisian,3.22,2.51,2.72,3.88,4BI83
STU_0774,Leila,Jaziri,Female,20,Tunisian,0.55,2.25,1.13,1.49,1A90
STU_0775,Fatma,Saidi,Female,21,Tunisian,1.62,3.53,2.75,2.56,4TWIN96
STU_0776,Yasmine,Cherif,Female,19,Tunisian,2.13,3.14,2.93,2.77,5SE44
STU_0777,Yao,Kouassi,Male,22,Ivorian,2.39,4.27,3.04,2.99,5NIDS82
STU_0778,Leila,Saidi,Female,20,Tunisian,2.71,2.86,2.77,3.38,4NIDS96
STU_0779,Amadou,Diop,Male,18,Senegalese,2.7,2.23,2.52,2.65,1A76
STU_0780,Aminata,Diouf,Female,20,Senegalese,2.49,3.33,2.99,2.34,4SIM88
STU_0781,Nizar,Toumi,Male,22,Tunisian,1.91,0.85,1.84,1.54,1A20
STU_0782,Wided,Mejri,Female,20,Tunisian,0.81,0.97,0.78,0.05,2P69
STU_0783,Tarek,Haddad,Male,22,Tunisian,3.09,2.11,2.15,3.17,4SIM88
STU_0784,Rabah,Mansouri,Male,18,Algerian,3.34,2.07,2.6,2.85,5SIM65
STU_0785,Sofiene,Jebali,Male,21,Tunisian,3.18,3.48,3.27,2.56,2A46
STU_0786,Rami,Haddad,Male,22,Tunisian,3.04,1.77,3.05,1.76,3B90
STU_0787,Foued,Bouazizi,Male,20,Tunisian,2.5,1.64,2.4,1.67,1A12
STU_0788,Nabil,Chebbi,Male,18,Tunisian,3.03,3.53,2.86,3.67,4BI83
STU_0789,Amina,Bouazizi,Female,22,Tunisian,3.59,3.21,3.79,2.83,2A06
STU_0790,Zied,Abidi,Male,23,Tunisian,0.99,1.05,1.01,1.35,1A76
STU_0791,Ghassen,Haddad,Male,21,Tunisian,3.05,1.69,2.8,3.23,3A21
STU_0792,Ghassen,Jaziri,Male,21,Tunisian,4.18,3.76,3.88,4.07,3A78
STU_0793,Sekou,Diallo,Male,20,Malian,1.04,0.61,0.71,0.1,2A49
STU_0794,Karim,Maaloul,Male,18,Tunisian,3.17,2.11,2.23,2.73,2P06
STU_0795,Omar,Chebbi,Male,19,Tunisian,2.52,2.14,2.34,2.04,5ARCTIC81
STU_0796,Nizar,Jaziri,Male,22,Tunisian,0.78,2.76,1.36,1.42,3A88
STU_0797,Siwar,Chebbi,Female,19,Tunisian,2.26,1.89,2.63,2.61,3B36
STU_0798,Farah,Mabrouk,Female,19,Tunisian,2.19,2.15,2.7,1.71,5TWIN20
STU_0799,Hedi,Cherif,Male,21,Tunisian,3.01,3.71,3.79,3.99,3B46
STU_0800,Salma,Khemiri,Female,18,Tunisian,1.51,2.76,2.76,2.92,5GAMIX78
STU_0801,Hedi,Abidi,Male,21,Tunisian,2.83,1.97,2.32,2.46,5TWIN20
STU_0802,Mohamed,Mansouri,Male,22,Algerian,3.39,2.53,2.73,3.7,2P74
STU_0803,Awa,Sarr,Female,20,Senegalese,3.39,3.05,3.61,4.53,5NIDS65
STU_0804,Nizar,Saidi,Male,20,Tunisian,0.0,0.11,0.13,1.29,4DS15
STU_0805,Rania,Mabrouk,Female,21,Tunisian,4.05,4.15,4.23,4.51,1A01
STU_0806,Mehdi,Saidi,Male,20,Tunisian,2.52,3.16,1.82,3.03,4SIM88
STU_0807,Mohamed,Ali,Male,20,Libyan,1.95,2.2,1.5,1.49,3B21
STU_0808,Ghassen,Trabelsi,Male,18,Tunisian,3.07,2.28,2.92,3.63,3A86
STU_0809,Hend,Abidi,Female,18,Tunisian,2.87,2.97,3.54,2.89,3B21
STU_0810,Wided,Saidi,Female,18,Tunisian,3.02,4.73,3.78,5.0,3B49
STU_0811,Sonia,Abidi,Female,21,Tunisian,3.11,3.09,3.67,4.26,1A05
STU_0812,Walid,Ben Ali,Male,20,Tunisian,3.48,2.71,2.67,1.32,2A13
STU_0813,Siwar,Abidi,Female,20,Tunisian,4.23,3.46,2.99,3.63,4SIM81
STU_0814,Amel,Ghanouchi,Female,20,Tunisian,2.93,3.01,2.92,4.29,5SAE68
STU_0815,Emmanuel,Abanda,Male,34,Cameroonian,3.11,2.9,3.45,2.12,5GAMIX78
STU_0816,Yasmine,Ghanouchi,Female,21,Tunisian,2.09,1.52,2.21,1.16,3A88
STU_0817,Karim,Ben Ali,Male,20,Tunisian,2.39,2.01,2.45,2.19,3A30
STU_0818,Oumaima,Toumi,Female,19,Tunisian,3.47,2.28,3.0,2.84,2P74
STU_0819,Ismail,Ben Ali,Male,20,Tunisian,1.49,1.12,1.92,1.8,3A69
STU_0820,Iheb,Toumi,Male,18,Tunisian,2.22,3.0,2.2,1.48,5INFINI98
STU_0821,Samira,Alaoui,Female,21,Moroccan,2.18,2.28,2.11,3.12,3B90
STU_0822,Ghassen,Slimani,Male,20,Tunisian,2.51,2.58,3.03,2.63,4DS15
STU_0823,Meriem,Saidi,Female,19,Tunisian,2.08,2.06,1.56,2.27,2A06
STU_0824,Hend,Baccouche,Female,20,Tunisian,2.51,1.86,2.29,1.28,4IOSYS92
STU_0825,Khadija,Maaloul,Female,20,Tunisian,2.12,1.86,1.94,3.42,4IOSYS55
STU_0826,Lotfi,Haddad,Male,19,Tunisian,0.7,1.07,0.01,1.09,3B35
STU_0827,Zied,Khemiri,Male,21,Tunisian,2.62,1.8,2.3,2.18,2A91
STU_0828,Nadia,Toumi,Female,20,Tunisian,3.13,2.94,3.58,2.75,2A98
STU_0829,Andre,Moussa,Male,21,Cameroonian,2.12,3.1,2.3,2.69,2A06
STU_0830,Tarek,Maaloul,Male,21,Tunisian,3.05,3.92,3.42,3.42,3B36
STU_0831,Ali,Ben Ali,Male,19,Tunisian,3.49,3.24,3.61,2.17,5SAE01
STU_0832,Meriem,Haddad,Female,18,Tunisian,2.75,4.05,3.17,2.47,4SIM88
STU_0833,Dorra,Saidi,Female,17,Tunisian,2.85,2.63,3.27,1.64,5SE69
STU_0834,Foued,Toumi,Male,22,Tunisian,1.3,0.98,2.07,2.05,1A90
STU_0835,Lina,Chebbi,Female,21,Tunisian,1.7,3.05,2.0,2.13,4IOSYS52
STU_0836,Didier,Mballa,Male,19,Cameroonian,2.02,2.54,1.98,2.4,4IOSYS92
STU_0837,Mohamed,Toumi,Male,18,Tunisian,2.54,3.2,2.7,2.47,3B21
STU_0838,Asma,Maaloul,Female,19,Tunisian,2.11,3.38,2.68,2.49,5SLEAM93
STU_0839,Asma,Trabelsi,Female,20,Tunisian,3.28,4.75,4.53,3.29,3A78
STU_0840,Rim,Toumi,Female,22,Tunisian,1.71,2.49,1.76,2.49,1A90
STU_0841,Zied,Slimani,Male,22,Tunisian,3.44,3.83,3.54,4.22,4BI77
STU_0842,Youssef,Chebbi,Male,21,Tunisian,3.22,3.21,2.67,1.5,2P78
STU_0843,Aminata,Sarr,Female,21,Senegalese,2.95,3.43,3.32,3.38,5ARCTIC38
STU_0844,Malika,Touati,Female,19,Algerian,3.6,3.21,3.37,3.25,4NIDS18
STU_0845,Ali,Haddad,Male,19,Tunisian,3.05,3.39,3.52,3.13,5NIDS82
STU_0846,Lina,Jaziri,Female,22,Tunisian,3.18,2.36,3.3,2.61,1A87
STU_0847,Ahmed,Ghanouchi,Male,19,Tunisian,3.1,3.77,3.25,2.72,5ARCTIC38
STU_0848,Wided,Baccouche,Female,21,Tunisian,2.47,1.8,1.99,1.96,4IOSYS55
STU_0849,Salem,Abdullah,Male,20,Libyan,3.45,1.99,2.28,4.25,4SE64
STU_0850,Manel,Saidi,Female,19,Tunisian,2.13,2.24,2.16,2.09,4SAE19
STU_0851,Esther,Moussa,Female,20,Cameroonian,1.12,2.27,1.66,0.79,4INFINI28
STU_0852,Emna,Maaloul,Female,19,Tunisian,1.33,2.41,2.28,1.47,5SIM65
STU_0853,Emna,Mabrouk,Female,20,Tunisian,2.54,4.01,2.81,2.94,4BI77
STU_0854,Sonia,Mabrouk,Female,18,Tunisian,1.6,2.21,1.74,2.12,3B49
STU_0855,Mouna,Slimani,Female,19,Tunisian,2.39,2.16,2.46,4.46,2A13
STU_0856,Rami,Maaloul,Male,19,Tunisian,2.2,2.56,2.41,1.42,5SLEAM15
STU_0857,Emna,Saidi,Female,21,Tunisian,0.98,2.24,1.67,1.53,2P74
STU_0858,Yasmine,Ben Ali,Female,21,Tunisian,3.43,4.5,3.82,3.43,5SE69
STU_0859,Mohamed,Saidi,Male,17,Tunisian,2.8,2.88,2.86,2.1,1A05
STU_0860,Lotfi,Baccouche,Male,21,Tunisian,2.62,3.85,3.65,3.86,5INFINI98
STU_0861,Khadija,Slimani,Female,20,Tunisian,1.49,1.14,1.04,1.53,1A18
STU_0862,Amine,Ben Ali,Male,21,Tunisian,1.73,2.74,2.62,2.52,4SAE12
STU_0863,Skander,Abidi,Male,20,Tunisian,2.06,2.42,2.73,2.93,4SE64
STU_0864,Jacqueline,Oumarou,Female,19,Cameroonian,3.7,3.98,3.86,2.69,3B36
STU_0865,Mourad,Saidi,Male,19,Tunisian,3.68,2.91,3.26,3.1,1A44
STU_0866,Walid,Ghanouchi,Male,20,Tunisian,3.25,2.78,3.38,2.97,3A86
STU_0867,Bechir,Haddad,Male,20,Tunisian,0.86,1.49,1.07,2.03,1A29
STU_0868,Mohamed,Maaloul,Male,18,Tunisian,1.13,1.87,1.65,1.97,4ARCTIC28
STU_0869,Amine,Saidi,Male,21,Tunisian,3.34,3.49,3.5,4.68,3B46
STU_0870,Aminata,Kouame,Female,17,Ivorian,2.7,2.53,2.18,2.63,3A30
STU_0871,Zainab,Mohamed,Female,21,Libyan,1.25,1.07,1.75,2.54,4SAE19
STU_0872,Wassim,Chebbi,Male,18,Tunisian,2.84,2.25,2.81,1.91,3A41
STU_0873,Iheb,Slimani,Male,19,Tunisian,1.67,1.48,1.86,1.91,1A01
STU_0874,Ismail,Toumi,Male,19,Tunisian,2.71,2.16,2.93,2.72,5BI21
STU_0875,Nabil,Ghanouchi,Male,20,Tunisian,3.03,2.9,2.87,3.47,5SLEAM15
STU_0876,Meriem,Mejri,Female,20,Tunisian,3.63,3.01,2.98,3.65,1A30
STU_0877,Rami,Abidi,Male,19,Tunisian,2.33,1.91,1.92,2.1,2A49
STU_0878,Rami,Baccouche,Male,21,Tunisian,3.64,3.16,3.58,4.08,1A18
STU_0879,Khadija,Cherif,Female,20,Tunisian,2.54,1.46,1.43,3.13,1A29
STU_0880,Zied,Saidi,Male,22,Tunisian,2.55,3.78,3.46,2.24,3B90
STU_0881,Nizar,Slimani,Male,29,Tunisian,3.12,3.06,3.71,3.99,5ARCTIC81
STU_0882,Fares,Maaloul,Male,19,Tunisian,1.1,0.85,0.89,1.79,3A88
STU_0883,Amina,Abidi,Female,19,Tunisian,0.95,1.49,0.93,0.87,2P06
STU_0884,Ismail,Khemiri,Male,22,Tunisian,1.53,1.98,1.79,2.32,2P81
STU_0885,Khadija,Mejri,Female,19,Tunisian,1.48,1.3,1.38,1.48,3A86
STU_0886,Amina,Slimani,Female,21,Tunisian,3.93,4.25,3.93,4.12,2P78
STU_0887,Nadia,Touati,Female,22,Algerian,3.57,3.36,2.71,3.64,4INFINI29
STU_0888,Mouna,Abidi,Female,21,Tunisian,3.11,4.67,4.85,2.46,5ARCTIC38
STU_0889,Sami,Saidi,Male,22,Tunisian,2.11,1.38,1.5,1.12,3B99
STU_0890,Lotfi,Trabelsi,Male,20,Tunisian,2.17,1.2,1.86,2.67,5NIDS99
STU_0891,Amina,Baccouche,Female,19,Tunisian,1.41,2.6,2.24,2.34,2P14
STU_0892,Ahmed,Slimani,Male,20,Tunisian,3.12,3.02,3.22,3.15,3B49
STU_0893,Rania,Abidi,Female,21,Tunisian,1.61,1.33,1.35,1.45,3B90
STU_0894,Hedi,Jebali,Male,22,Tunisian,1.06,1.81,1.55,0.35,5SE69
STU_0895,Madeleine,Oumarou,Female,31,Cameroonian,1.69,2.4,1.6,1.71,2P06
STU_0896,Leila,Slimani,Female,20,Tunisian,2.95,2.0,2.93,2.97,3A88
STU_0897,Mouna,Ghanouchi,Female,20,Tunisian,3.17,3.12,2.72,3.7,4SIM81
STU_0898,Rania,Jaziri,Female,21,Tunisian,2.8,2.21,2.27,2.81,2A46
STU_0899,Anis,Slimani,Male,21,Tunisian,2.05,2.47,1.88,2.01,1A01
STU_0900,Amel,Jebali,Female,20,Tunisian,2.0,3.09,2.76,3.1,5SIM70
STU_0901,Siwar,Jaziri,Female,21,Tunisian,2.6,1.87,2.5,1.46,5NIDS99
STU_0902,Foued,Trabelsi,Male,19,Tunisian,0.9,1.22,0.96,1.33,2A71
STU_0903,Sami,Bouazizi,Male,17,Tunisian,3.87,4.35,4.13,5.0,1A18
STU_0904,Ismail,Haddad,Male,22,Tunisian,0.72,0.73,1.07,0.72,4NIDS96
STU_0905,Thierno,Sow,Male,20,Guinean,1.42,1.9,1.96,2.06,2A98
STU_0906,Hiba,Saidi,Female,18,Tunisian,2.0,3.25,2.9,3.26,1A29
STU_0907,Nadia,Ghanouchi,Female,20,Tunisian,2.78,2.94,2.31,3.24,3B35
STU_0908,Sami,Slimani,Male,18,Tunisian,1.09,1.21,1.12,2.04,1A87
STU_0909,Mariem,Haddad,Female,22,Tunisian,2.83,2.9,2.62,4.19,2P14
STU_0910,Oumaima,Jaziri,Female,19,Tunisian,3.06,3.16,2.73,1.9,2A71
STU_0911,Emna,Chebbi,Female,21,Tunisian,4.47,4.53,4.71,3.52,4IOSYS92
STU_0912,Sami,Trabelsi,Male,19,Tunisian,3.88,3.14,3.02,1.69,2A06
STU_0913,Fatma,Baccouche,Female,18,Tunisian,4.0,3.75,3.55,4.07,2A99
STU_0914,Rania,Toumi,Female,23,Tunisian,2.6,3.6,3.48,2.99,5SAE01
STU_0915,Mariem,Trabelsi,Female,21,Tunisian,2.36,3.44,3.11,2.32,5BI77
STU_0916,Mohamed,Bennani,Male,22,Moroccan,3.39,2.47,2.73,3.2,4SE64
STU_0917,Foued,Slimani,Male,18,Tunisian,3.5,3.14,2.8,3.03,5SE69
STU_0918,Salma,Chebbi,Female,21,Tunisian,2.5,3.2,2.31,2.79,4DS15
STU_0919,Mehdi,Mabrouk,Male,18,Tunisian,1.73,2.24,2.48,2.28,4SE64
STU_0920,Manel,Toumi,Female,22,Tunisian,2.82,3.08,2.63,2.69,5SE44
STU_0921,Ali,Jebali,Male,20,Tunisian,1.76,1.99,2.37,2.1,4SIM66
STU_0922,Nadia,Slimani,Female,18,Tunisian,2.46,1.89,1.9,2.62,1A20
STU_0923,Chaima,Jebali,Female,22,Tunisian,2.58,2.11,3.08,3.56,5DS88
STU_0924,Manel,Mabrouk,Female,20,Tunisian,1.9,2.02,1.72,2.24,1A12
STU_0925,Nizar,Bouazizi,Male,18,Tunisian,2.4,2.4,2.28,2.52,2A98
STU_0926,Ahmed,Mejri,Male,17,Tunisian,3.17,2.63,2.86,2.81,2P14
STU_0927,Fatima,Messaoudi,Female,21,Algerian,2.57,2.44,2.72,2.75,2A13
STU_0928,Chaima,Ben Ali,Female,20,Tunisian,2.48,2.68,2.59,2.95,1A90
STU_0929,Siwar,Mabrouk,Female,18,Tunisian,1.53,2.89,2.02,2.13,2P69
STU_0930,Hassan,Fassi,Male,20,Moroccan,2.1,1.8,2.1,2.08,5DS88
STU_0931,Tarek,Jebali,Male,19,Tunisian,2.87,3.24,2.39,3.5,4ARCTIC28
STU_0932,Samira,Trabelsi,Female,22,Tunisian,2.63,2.99,2.11,1.41,2P74
STU_0933,Awa,Kouassi,Female,20,Ivorian,3.09,3.16,3.18,1.75,3A69
STU_0934,Salma,Mejri,Female,19,Tunisian,2.57,3.4,2.6,4.14,1A30
STU_0935,Amel,Khemiri,Female,19,Tunisian,2.98,2.89,2.26,4.3,3B21
STU_0936,Meriem,Bouazizi,Female,20,Tunisian,2.52,2.54,2.83,2.02,1A87
STU_0937,Manel,Trabelsi,Female,20,Tunisian,1.31,1.8,1.23,1.06,5NIDS71
STU_0938,Sami,Ghanouchi,Male,21,Tunisian,2.6,2.42,3.27,2.65,3A69
STU_0939,Wassim,Slimani,Male,20,Tunisian,3.33,1.72,2.34,2.92,1A18
STU_0940,Emna,Khemiri,Female,20,Tunisian,1.44,3.11,2.82,3.06,4ARCTIC28
STU_0941,Ismail,Baccouche,Male,21,Tunisian,2.76,3.09,3.29,1.46,5SIM70
STU_0942,Dorra,Trabelsi,Female,24,Tunisian,2.22,2.35,2.28,2.68,4SIM66
STU_0943,Wided,Ben Ali,Female,20,Tunisian,3.56,3.69,3.62,3.58,4GAMIX69
STU_0944,Hiba,Cherif,Female,20,Tunisian,0.55,0.44,0.29,1.18,1A30
STU_0945,Hiba,Ben Ali,Female,21,Tunisian,1.81,3.48,3.11,4.26,3B46
STU_0946,Nizar,Trabelsi,Male,21,Tunisian,0.82,1.34,1.46,1.85,1A05
STU_0947,Sarra,Slimani,Female,19,Tunisian,1.82,2.49,1.64,0.74,5GAMIX78
STU_0948,Foued,Chebbi,Male,21,Tunisian,2.33,1.78,2.37,1.7,2A49
STU_0949,Mehdi,Jaziri,Male,20,Tunisian,3.06,2.58,2.75,2.96,5NIDS99
STU_0950,Hatem,Trabelsi,Male,21,Tunisian,2.15,2.68,3.06,3.32,4SE64
STU_0951,Abdelkader,Haddad,Male,21,Algerian,2.6,2.26,2.33,2.07,3B35
STU_0952,Hiba,Maaloul,Female,20,Tunisian,4.08,3.95,3.62,2.63,1A32
STU_0953,Rim,Bouazizi,Female,22,Tunisian,2.2,2.92,2.49,2.48,3A69
STU_0954,Amina,Ghanouchi,Female,21,Tunisian,1.77,2.13,1.81,2.57,1A32
STU_0955,Fatiha,Yahiaoui,Female,23,Algerian,2.2,2.75,2.49,3.33,2P78
STU_0956,Ghassen,Ben Ali,Male,20,Tunisian,1.21,0.69,0.96,1.21,1A76
STU_0957,Nadia,Haddad,Female,19,Tunisian,3.6,3.7,3.58,3.43,3B35
STU_0958,Rim,Haddad,Female,27,Tunisian,4.6,4.75,5.0,3.93,2A46
STU_0959,Ismail,Jaziri,Male,18,Tunisian,2.31,3.42,2.69,2.91,3B46
STU_0960,Salma,Jebali,Female,19,Tunisian,2.79,3.57,2.82,2.39,4SIM66
STU_0961,Foued,Baccouche,Male,18,Tunisian,3.29,2.23,2.09,2.73,4IOSYS55
STU_0962,Hatem,Haddad,Male,18,Tunisian,1.42,1.95,1.55,1.1,5SLEAM93
STU_0963,Hiba,Mabrouk,Female,22,Tunisian,2.66,2.89,2.72,2.38,4INFINI29
STU_0964,Chaima,Jaziri,Female,20,Tunisian,2.88,3.26,2.9,3.51,4SIM66
STU_0965,Fatma,Slimani,Female,19,Tunisian,3.18,3.43,3.89,3.3,2P06
STU_0966,Hiba,Khemiri,Female,22,Tunisian,2.88,2.63,2.85,3.02,4GAMIX69
STU_0967,Ines,Haddad,Female,18,Tunisian,1.2,1.8,1.63,1.47,1A72
STU_0968,Ghassen,Khemiri,Male,20,Tunisian,2.25,1.96,2.59,3.45,1A20
STU_0969,Amar,Rahmani,Male,26,Algerian,1.93,1.36,1.51,1.08,4SIM66
STU_0970,Ahmed,Ben Ali,Male,20,Tunisian,2.17,1.8,2.04,2.06,4BI83
STU_0971,Kouadio,Coulibaly,Male,23,Ivorian,2.67,2.07,2.02,2.79,4IOSYS52
STU_0972,Ahmed,Bennani,Male,18,Moroccan,4.17,4.19,3.56,4.95,3B99
STU_0973,Souleymane,Diallo,Male,18,Malian,1.47,2.31,2.16,2.65,1A04
STU_0974,Hatem,Baccouche,Male,18,Tunisian,1.87,2.54,2.75,3.5,2A06
STU_0975,Omar,Saidi,Male,20,Tunisian,2.95,2.27,2.8,2.57,1A18
STU_0976,Amel,Haddad,Female,18,Tunisian,3.42,3.64,3.22,2.33,4SE64
STU_0977,Fatma,Mabrouk,Female,20,Tunisian,3.01,1.35,2.18,1.35,5NIDS65
STU_0978,Leila,Toumi,Female,19,Tunisian,2.3,2.26,2.26,2.18,1A32
STU_0979,Nadia,El Idrissi,Female,18,Moroccan,2.8,2.97,2.76,2.87,2P69
STU_0980,Zohra,Touati,Female,17,Algerian,2.77,3.8,3.13,3.79,1A04
STU_0981,Amina,Khemiri,Female,21,Tunisian,3.26,2.21,2.64,3.14,2P81
STU_0982,Leila,Trabelsi,Female,20,Tunisian,3.99,3.56,3.77,2.6,5SE44
STU_0983,Tarek,Mejri,Male,22,Tunisian,2.33,2.25,2.9,1.77,2A91
STU_0984,Nabil,Bouazizi,Male,19,Tunisian,0.54,1.44,1.12,1.37,1A20
STU_0985,Omar,Mejri,Male,19,Tunisian,1.0,1.56,1.39,0.1,2A98
STU_0986,Sonia,Chebbi,Female,33,Tunisian,2.15,1.91,2.68,1.02,5NIDS65
STU_0987,Kouassi,Kone,Male,24,Ivorian,1.38,1.0,1.23,2.3,4BI77
STU_0988,Salem,Hassan,Male,20,Libyan,0.15,1.02,0.2,0.7,5BI21
STU_0989,Aicha,Mansouri,Female,18,Algerian,2.09,3.69,3.92,3.28,3B36
STU_0990,Amina,Toumi,Female,22,Tunisian,2.02,1.74,2.51,2.67,2A13
STU_0991,Foued,Mabrouk,Male,19,Tunisian,2.52,3.04,3.05,2.55,4SIM88
STU_0992,Karim,Trabelsi,Male,19,Tunisian,1.71,2.36,1.33,1.79,3B21
STU_0993,Mourad,Cherif,Male,18,Tunisian,3.24,3.28,2.81,4.63,4NIDS18
STU_0994,Nizar,Cherif,Male,20,Tunisian,2.13,1.95,2.48,2.73,1A72
STU_0995,Bechir,Chebbi,Male,18,Tunisian,2.41,2.38,2.43,3.26,4SIM81
STU_0996,Youssef,Cherif,Male,21,Tunisian,4.22,5.0,5.0,5.0,3B36
STU_0997,Samira,Baccouche,Female,23,Tunisian,3.01,2.83,2.38,2.58,4NIDS96
STU_0998,Anis,Jebali,Male,20,Tunisian,2.99,2.77,3.04,1.8,5SIM70
STU_0999,Youssef,Saidi,Male,20,Tunisian,3.16,2.39,2.7,2.59,3B21
STU_1000,Yasmine,Jaziri,Female,20,Tunisian,2.48,1.96,2.24,3.47,2A46
STU_1001,Amel,Trabelsi,Female,19,Tunisian,1.35,1.95,1.7,1.16,5ARCTIC38
STU_1002,Hatem,Mabrouk,Male,20,Tunisian,1.99,1.59,2.01,1.61,4SE64
STU_1003,Dorra,Jebali,Female,21,Tunisian,1.97,2.73,3.02,1.98,3B99
STU_1004,Mehdi,Ben Ali,Male,19,Tunisian,1.74,1.06,1.62,1.54,2A91
STU_1005,Mariama,Barry,Female,20,Guinean,3.31,2.99,2.78,2.17,1A04
STU_1006,Rabah,Saidi,Male,21,Algerian,2.53,2.99,2.69,1.85,5BI77
STU_1007,Skander,Maaloul,Male,19,Tunisian,1.5,2.25,2.13,1.81,5SIM70
STU_1008,Ahmed,Bouazizi,Male,20,Tunisian,1.0,1.57,1.24,2.39,3A30
STU_1009,Sonia,Ghanouchi,Female,20,Tunisian,1.83,2.08,2.08,1.2,5NIDS71
STU_1010,Karim,Bouazizi,Male,19,Tunisian,2.68,2.77,2.77,2.39,1A29
STU_1011,Chaima,Maaloul,Female,20,Tunisian,1.58,1.75,1.97,1.1,5INFINI98
STU_1012,Wided,Chebbi,Female,19,Tunisian,2.87,2.15,2.46,2.14,3A30
STU_1013,Ismail,Trabelsi,Male,21,Tunisian,3.08,1.38,2.54,1.97,3B46
STU_1014,Asma,Ben Ali,Female,20,Tunisian,2.71,3.57,3.14,2.54,5SAE68
STU_1015,Yasmine,Mabrouk,Female,21,Tunisian,2.76,3.88,3.25,2.44,2A99
STU_1016,Mehdi,Maaloul,Male,21,Tunisian,2.74,3.16,3.13,3.35,5ARCTIC81
STU_1017,Tarek,Slimani,Male,21,Tunisian,2.86,2.15,2.56,1.79,1A76
STU_1018,Leila,Mabrouk,Female,20,Tunisian,2.95,2.87,2.46,2.16,1A44
STU_1019,Hanan,Mohamed,Female,19,Libyan,1.86,2.7,2.77,2.4,2P81
STU_1020,Kouassi,Coulibaly,Male,18,Ivorian,1.44,1.95,1.46,1.4,4SIM88
STU_1021,Oumaima,Cherif,Female,20,Tunisian,1.16,1.85,1.53,1.85,3B99
STU_1022,Aisha,Omar,Female,22,Libyan,0.34,0.92,0.57,0.61,4IOSYS55
STU_1023,Leila,Maaloul,Female,17,Tunisian,3.12,3.16,3.43,2.81,4SIM81
STU_1024,Manel,Ben Ali,Female,21,Tunisian,2.05,1.09,1.6,0.56,2P11
STU_1025,Asma,Mabrouk,Female,19,Tunisian,0.54,1.22,0.61,1.63,3B49
STU_1026,Ali,Toumi,Male,18,Tunisian,2.85,3.35,3.26,3.55,1A72
STU_1027,Ahmed,Fassi,Male,20,Moroccan,2.44,2.74,2.24,2.54,4BI83
STU_1028,Omar,Ben Ali,Male,19,Tunisian,1.55,1.83,1.49,1.56,1A87
STU_1029,Youssef,Trabelsi,Male,21,Tunisian,3.12,2.79,3.19,2.65,2P14
STU_1030,Hend,Trabelsi,Female,22,Tunisian,1.97,1.52,1.69,1.67,3B82
STU_1031,Khadija,Toumi,Female,19,Tunisian,2.01,3.32,1.92,3.23,2P78
STU_1032,Farah,Slimani,Female,18,Tunisian,1.9,0.94,0.73,0.43,2P78
STU_1033,Emna,Cherif,Female,18,Tunisian,5.0,4.64,4.89,5.0,1A76
STU_1034,Nizar,Mabrouk,Male,21,Tunisian,2.48,1.83,1.93,1.6,2P14
STU_1035,Aicha,Saidi,Female,19,Algerian,2.14,2.03,2.32,0.51,4SE64
STU_1036,Fatiha,Haddad,Female,21,Algerian,0.22,0.07,0.02,2.24,5SIM65
STU_1037,Hiba,Mejri,Female,21,Tunisian,2.99,2.84,3.1,3.03,4ARCTIC50
STU_1038,Sonia,Haddad,Female,19,Tunisian,3.45,2.57,2.78,2.72,4NIDS18
STU_1039,Manel,Haddad,Female,20,Tunisian,1.86,2.18,2.15,2.16,5NIDS99
STU_1040,Brahim,Yahiaoui,Male,22,Algerian,2.04,2.78,2.26,2.98,1A05
STU_1041,Coumba,Fall,Female,17,Senegalese,3.5,4.14,3.88,2.43,5SIM65
STU_1042,Rami,Slimani,Male,20,Tunisian,1.32,1.45,1.17,2.74,2A71
STU_1043,Sonia,Mejri,Female,22,Tunisian,3.9,4.29,4.06,4.51,1A12
STU_1044,Farah,Maaloul,Female,19,Tunisian,1.64,2.09,1.97,2.43,3B49
STU_1045,Ines,Ghanouchi,Female,17,Tunisian,1.62,1.93,2.27,2.61,5BI77
STU_1046,Omar,Maaloul,Male,19,Tunisian,1.63,1.7,0.88,1.31,3B46
STU_1047,Sarra,Cherif,Female,20,Tunisian,1.4,1.4,1.21,0.96,3B21
STU_1048,Madeleine,Ngwa,Female,21,Cameroonian,3.32,3.33,3.26,2.99,4NIDS18
STU_1049,Oumaima,Ben Ali,Female,20,Tunisian,2.74,3.28,2.67,3.05,5SIM65
STU_1050,Sofiene,Slimani,Male,20,Tunisian,4.78,4.56,4.55,4.38,5GAMIX78
STU_1051,Oumaima,Jebali,Female,22,Tunisian,2.18,3.4,3.05,3.65,1A01
STU_1052,Wassim,Khemiri,Male,20,Tunisian,2.5,1.97,2.6,1.37,3B36
STU_1053,Siwar,Ghanouchi,Female,19,Tunisian,1.18,1.36,0.96,0.07,1A12
STU_1054,Sanaa,Bennani,Female,20,Moroccan,1.5,1.69,1.12,1.34,1A30
STU_1055,Khadija,Ghanouchi,Female,21,Tunisian,1.42,2.5,2.29,0.68,3A30
STU_1056,Nour,Trabelsi,Female,19,Tunisian,2.3,2.46,2.04,2.84,5NIDS65
STU_1057,Hatem,Ghanouchi,Male,19,Tunisian,3.64,4.28,3.71,2.37,1A30
STU_1058,Mouna,Trabelsi,Female,22,Tunisian,2.65,2.61,2.71,2.27,3A69
STU_1059,Dorra,Ben Ali,Female,18,Tunisian,1.55,2.44,1.8,1.99,2A91
STU_1060,Ismail,Cherif,Male,22,Tunisian,1.38,0.3,0.69,0.0,4DS15
STU_1061,Dorra,Maaloul,Female,19,Tunisian,1.29,1.77,1.84,2.1,3B82
STU_1062,Lotfi,Bouazizi,Male,19,Tunisian,2.99,1.74,3.03,3.54,3B21
STU_1063,Dorra,Cherif,Female,19,Tunisian,4.23,3.95,3.59,2.81,4BI83
STU_1064,Amel,Cherif,Female,20,Tunisian,2.79,1.99,2.36,1.86,2A13
STU_1065,Tarek,Chebbi,Male,19,Tunisian,1.97,1.95,2.31,2.25,4DS15
STU_1066,Hatem,Chebbi,Male,21,Tunisian,3.66,3.77,3.74,3.52,5NIDS82
STU_1067,Ahmed,Abidi,Male,21,Tunisian,2.77,1.08,1.66,1.8,3B36
STU_1068,Sami,Haddad,Male,21,Tunisian,3.59,3.79,4.07,3.49,5DS88
STU_1069,Iheb,Baccouche,Male,19,Tunisian,3.57,3.36,3.94,3.98,1A90
STU_1070,Ahmed,Mabrouk,Male,21,Tunisian,2.49,3.44,2.64,3.92,5ARCTIC38
STU_1071,Emna,Abidi,Female,18,Tunisian,4.43,3.85,4.4,3.58,5BI21
STU_1072,Skander,Haddad,Male,20,Tunisian,2.15,1.67,2.02,2.13,3A21
STU_1073,Manel,Khemiri,Female,20,Tunisian,2.01,1.63,2.11,3.01,5NIDS82
STU_1074,Leila,Haddad,Female,20,Tunisian,2.27,1.64,2.05,0.72,3A30
STU_1075,Ines,Jaziri,Female,21,Tunisian,4.67,4.51,4.47,4.7,2A91
STU_1076,Walid,Mejri,Male,19,Tunisian,1.64,1.06,0.72,2.72,1A04
STU_1077,Dorra,Haddad,Female,24,Tunisian,3.24,3.19,3.23,2.64,1A72
STU_1078,Nour,Jaziri,Female,20,Tunisian,4.0,3.53,3.25,4.34,1A44
STU_1079,Emna,Ghanouchi,Female,20,Tunisian,2.89,3.68,3.54,4.38,5ARCTIC81
STU_1080,Nour,Mabrouk,Female,18,Tunisian,3.24,3.18,3.03,0.24,5ARCTIC81
STU_1081,Ali,Cherif,Male,20,Tunisian,2.05,1.74,1.63,2.14,1A30
STU_1082,Nour,Chebbi,Female,22,Tunisian,3.3,2.63,2.16,1.5,4SAE12
STU_1083,Emna,Bouazizi,Female,21,Tunisian,1.74,1.94,1.06,2.39,5INFINI98
STU_1084,Ahmed,Maaloul,Male,20,Tunisian,3.62,4.03,3.98,4.06,2P11
STU_1085,Lotfi,Ghanouchi,Male,19,Tunisian,4.08,3.25,3.59,3.39,5SIM70
STU_1086,Ali,Mejri,Male,20,Tunisian,3.01,2.43,1.95,2.37,2A13
STU_1087,Sofiene,Toumi,Male,18,Tunisian,2.77,2.58,2.58,1.93,2P11
STU_1088,Emna,Jebali,Female,20,Tunisian,3.24,2.6,2.73,3.11,5SAE01
STU_1089,Bechir,Cherif,Male,21,Tunisian,2.71,3.07,2.27,2.54,5NIDS99
STU_1090,Meriem,Baccouche,Female,24,Tunisian,2.3,3.03,2.33,3.17,2P69
STU_1091,Youssef,Khemiri,Male,20,Tunisian,0.96,1.96,1.39,2.29,1A44
STU_1092,Ahmed,Alaoui,Male,21,Moroccan,3.39,2.15,2.94,3.88,1A29
STU_1093,Mariem,Ghanouchi,Female,23,Tunisian,1.32,1.41,0.98,1.08,5DS88
STU_1094,Leila,Jebali,Female,19,Tunisian,4.01,3.37,3.64,3.15,3A78
STU_1095,Oumaima,Saidi,Female,21,Tunisian,2.77,4.04,3.87,3.37,2P81
STU_1096,Amel,Mabrouk,Female,20,Tunisian,4.87,4.78,4.64,5.0,5INFINI98
STU_1097,Samira,Chebbi,Female,20,Tunisian,3.02,2.12,2.07,2.37,5ARCTIC38
STU_1098,Meriem,Khemiri,Female,22,Tunisian,2.71,1.72,2.3,2.81,1A18
STU_1099,Hedi,Baccouche,Male,21,Tunisian,3.63,2.38,3.28,2.28,2P14
STU_1100,Hiba,Ghanouchi,Female,18,Tunisian,2.92,2.39,2.88,2.58,5BI21
STU_1101,Chaima,Abidi,Female,19,Tunisian,1.74,2.59,2.26,2.2,1A90
STU_1102,Amina,Trabelsi,Female,22,Tunisian,0.19,1.24,1.55,1.6,4SAE19
STU_1103,Amina,Alaoui,Female,20,Moroccan,1.49,2.13,2.18,2.49,3A69
STU_1104,Chaima,Haddad,Female,22,Tunisian,4.24,3.77,3.92,4.3,5NIDS65
STU_1105,Asma,Toumi,Female,19,Tunisian,3.3,2.84,2.86,3.8,4BI77
STU_1106,Fatou,Ba,Female,20,Senegalese,0.62,1.45,0.34,1.98,4IOSYS52
STU_1107,Fatma,Jaziri,Female,19,Tunisian,2.8,2.47,2.14,2.55,3B21
STU_1108,Nizar,Baccouche,Male,21,Tunisian,1.56,1.92,1.73,3.1,5SIM65
STU_1109,Wassim,Jaziri,Male,19,Tunisian,1.59,1.65,1.15,0.95,4DS15
STU_1110,Yasmine,Trabelsi,Female,22,Tunisian,1.9,2.36,2.76,2.24,4SAE19
STU_1111,Sofiene,Trabelsi,Male,19,Tunisian,1.12,1.03,1.11,0.44,3B46
STU_1112,Anis,Maaloul,Male,18,Tunisian,3.48,4.9,4.05,3.8,5SLEAM15
STU_1113,Hatem,Toumi,Male,21,Tunisian,2.57,2.88,2.52,3.85,3A41
STU_1114,Farah,Toumi,Female,19,Tunisian,1.23,2.75,0.93,2.72,4INFINI28
STU_1115,Zied,Chebbi,Male,20,Tunisian,2.5,2.71,3.21,2.48,1A44
STU_1116,Omar,Slimani,Male,18,Tunisian,3.25,3.4,3.97,2.46,3B99
STU_1117,Ghassen,Cherif,Male,21,Tunisian,2.94,2.56,2.81,3.22,3B49
STU_1118,Sofiene,Saidi,Male,19,Tunisian,2.51,2.31,2.72,3.53,3A69
STU_1119,Leila,Ghanouchi,Female,21,Tunisian,3.53,2.25,3.23,2.18,1A18
STU_1120,Yasmine,Slimani,Female,21,Tunisian,3.53,4.11,3.8,3.35,1A04
STU_1121,Fatma,Chebbi,Female,20,Tunisian,4.08,4.28,4.26,4.72,5NIDS82
STU_1122,Meriem,Ben Ali,Female,18,Tunisian,2.56,2.39,2.63,3.85,1A87
STU_1123,Walid,Jaziri,Male,18,Tunisian,2.42,3.07,2.49,2.62,4NIDS18
STU_1124,Rania,Cherif,Female,22,Tunisian,3.08,1.88,2.31,2.67,4SE64
STU_1125,Yasmine,Abidi,Female,21,Tunisian,1.71,2.36,1.86,1.85,1A05
STU_1126,Ismail,Abidi,Male,19,Tunisian,3.81,2.86,3.16,4.87,5TWIN20
STU_1127,Mehdi,Jebali,Male,18,Tunisian,2.91,3.21,2.87,1.89,5SLEAM15
STU_1128,Nabil,Trabelsi,Male,21,Tunisian,2.57,2.34,2.68,2.36,4DS15
STU_1129,Lina,Ben Ali,Female,20,Tunisian,3.35,4.35,4.42,4.08,5SE69
STU_1130,Samira,Toumi,Female,20,Tunisian,0.36,1.33,0.73,2.28,1A87
STU_1131,Mourad,Chebbi,Male,17,Tunisian,2.54,1.43,2.11,2.42,1A90
STU_1132,Ismail,Saidi,Male,20,Tunisian,0.8,1.98,2.13,1.98,1A72
STU_1133,Salma,Trabelsi,Female,20,Tunisian,2.9,3.1,2.55,4.45,4NIDS18
STU_1134,Amine,Chebbi,Male,22,Tunisian,3.06,2.13,2.73,2.49,4ARCTIC50
STU_1135,Emna,Toumi,Female,19,Tunisian,1.17,1.22,1.55,1.65,5SAE01
STU_1136,Hedi,Khemiri,Male,20,Tunisian,2.68,1.72,2.55,0.6,5DS88
STU_1137,Bechir,Bouazizi,Male,19,Tunisian,4.07,3.54,4.46,3.24,1A04
STU_1138,Walid,Abidi,Male,20,Tunisian,2.63,2.56,2.42,2.49,4DS15
STU_1139,Amel,Ben Ali,Female,21,Tunisian,2.52,3.25,3.13,2.5,2A13
STU_1140,Ines,Maaloul,Female,19,Tunisian,2.23,2.74,2.22,1.78,2P81
STU_1141,Hend,Toumi,Female,31,Tunisian,3.57,4.16,3.93,4.23,2P78
STU_1142,Amina,Saidi,Female,19,Tunisian,0.9,0.99,0.92,1.01,4IOSYS55
STU_1143,Youssef,Mejri,Male,19,Tunisian,3.54,2.57,3.25,2.44,5GAMIX78
STU_1144,Zied,Trabelsi,Male,21,Tunisian,2.93,2.76,3.25,4.32,2P81
STU_1145,Sarra,Ghanouchi,Female,20,Tunisian,3.99,4.17,4.03,4.33,2P11
STU_1146,Asma,Saidi,Female,19,Tunisian,2.22,3.16,2.43,3.78,3B21
STU_1147,Hedi,Slimani,Male,17,Tunisian,3.47,3.1,3.23,1.57,2A71
STU_1148,Manel,Maaloul,Female,18,Tunisian,3.22,2.91,3.46,3.13,3B49
STU_1149,Hend,Cherif,Female,21,Tunisian,1.97,1.55,1.54,1.36,5SIM65
STU_1150,Bechir,Mejri,Male,22,Tunisian,1.31,1.71,1.46,2.11,5DS88
STU_1151,Chaima,Cherif,Female,21,Tunisian,2.78,1.66,2.17,2.12,3A78
STU_1152,Amina,Cherif,Female,19,Tunisian,1.11,1.81,1.2,2.27,5SAE01
STU_1153,Walid,Toumi,Male,20,Tunisian,4.14,4.28,4.12,3.87,5BI77
STU_1154,Bechir,Trabelsi,Male,19,Tunisian,1.04,1.22,1.14,1.12,1A44
STU_1155,Amina,Haddad,Female,20,Tunisian,3.01,3.01,2.69,3.09,4NIDS18
STU_1156,Khadija,Jebali,Female,18,Tunisian,1.87,1.78,1.99,2.03,1A01
STU_1157,Michel,Ngwa,Male,20,Cameroonian,1.72,0.84,1.23,1.16,2A98
STU_1158,Rami,Jaziri,Male,17,Tunisian,3.32,3.9,3.85,3.32,3A86
STU_1159,Moussa,Konan,Male,20,Ivorian,2.33,2.45,1.85,0.99,1A90
STU_1160,Meriem,Maaloul,Female,19,Tunisian,1.54,1.94,2.43,2.49,5SAE68
STU_1161,Fares,Trabelsi,Male,19,Tunisian,1.29,1.15,0.83,0.42,4SIM66
STU_1162,Amine,Haddad,Male,19,Tunisian,1.76,2.11,1.92,1.04,5SE69
STU_1163,Hatem,Slimani,Male,17,Tunisian,3.64,3.13,3.42,3.82,1A30
STU_1164,Mehdi,Khemiri,Male,20,Tunisian,3.05,2.55,2.84,3.31,3B46
STU_1165,Samira_1165,Chebbi,Female,17,Tunisian,3.04,3.26,3.2,2.97,4SE64
STU_1166,Sami,Ben Ali,Male,21,Tunisian,4.9,3.79,5.0,4.68,4SAE12
STU_1167,Rami_1167,Toumi,Male,23,Tunisian,3.01,2.94,2.43,3.02,1A90
STU_1168,Omar,Baccouche,Male,18,Tunisian,1.23,1.19,1.5,1.47,2A71
STU_1169,Hiba,Slimani,Female,22,Tunisian,3.41,3.45,2.98,3.39,4SAE19
STU_1170,Yasmine,Bouazizi,Female,21,Tunisian,3.22,3.67,3.29,3.86,4IOSYS55
STU_1171,Meriem,Chebbi,Female,20,Tunisian,4.38,4.24,4.32,4.1,1A30
STU_1172,Khadija,Baccouche,Female,20,Tunisian,2.3,2.75,2.33,2.19,5DS88
STU_1173,Samira,Khemiri,Female,18,Tunisian,3.2,3.21,3.59,2.59,3B82
STU_1174,Rami,Ben Ali,Male,21,Tunisian,2.37,2.54,2.15,0.75,3B46
STU_1175,Ghassen,Toumi,Male,19,Tunisian,4.06,3.33,3.05,2.92,3A88
STU_1176,Farah,Mejri,Female,17,Tunisian,2.01,2.02,1.17,2.53,5NIDS82
STU_1177,Kouassi,Kouassi,Male,19,Ivorian,1.64,2.89,2.09,1.73,4SE64
STU_1178,Wassim,Baccouche,Male,21,Tunisian,4.85,4.25,4.09,3.05,1A29
STU_1179,Chaima,Khemiri,Female,18,Tunisian,2.01,2.33,1.73,1.47,3B99
STU_1180,Zohra,Slimani,Female,19,Algerian,2.1,3.99,2.75,2.91,5NIDS82
STU_1181,Omar,Abidi,Male,19,Tunisian,2.85,3.37,3.62,2.62,5NIDS99
STU_1182,Wassim_1182,Jebali,Male,20,Tunisian,2.5,3.03,2.58,2.23,2P11
STU_1183,Amine,Mejri,Male,20,Tunisian,0.32,0.78,0.44,0.78,4SAE19
STU_1184,Rami,Mabrouk,Male,18,Tunisian,2.41,2.51,2.3,1.66,4INFINI28
STU_1185,Dorra,Chebbi,Female,23,Tunisian,1.21,0.98,1.72,2.49,2P74
STU_1186,Ali,Chebbi,Male,18,Tunisian,3.13,1.3,2.06,3.23,1A01
STU_1187,Mohamed,Ben Ali,Male,20,Tunisian,2.08,2.22,1.59,2.31,4SAE12
STU_1188,Wassim,Ben Ali,Male,22,Tunisian,2.38,2.07,1.97,1.9,3B36
STU_1189,Amel_1189,Mabrouk,Female,21,Tunisian,3.72,3.37,3.02,4.43,1A87
STU_1190,Sami,Abidi,Male,18,Tunisian,1.78,0.89,1.23,1.42,4SIM81
STU_1191,Siwar,Trabelsi,Female,20,Tunisian,2.86,3.21,2.67,2.63,3A69
STU_1192,Mouna,Haddad,Female,18,Tunisian,3.71,3.12,3.69,1.9,1A90
STU_1193,Andre,Ngwa,Male,21,Cameroonian,2.12,2.82,2.65,1.79,4ARCTIC50
STU_1194,Mariem,Baccouche,Female,20,Tunisian,1.66,2.23,1.66,1.76,4BI83
STU_1195,Ines,Khemiri,Female,19,Tunisian,3.61,3.23,3.02,4.08,5NIDS82
STU_1196,Siwar,Cherif,Female,20,Tunisian,2.24,3.34,2.66,1.47,3A30
STU_1197,Nizar_1197,Slimani,Male,22,Tunisian,1.35,2.39,2.05,2.2,3B90
STU_1198,Kadiatou,Sidibe,Female,22,Malian,3.88,4.44,4.23,2.94,3B90
STU_1199,Hedi_1199,Cherif,Male,21,Tunisian,3.74,4.71,3.49,4.04,2A46
STU_1200,Nadia,Abidi,Female,22,Tunisian,0.54,1.43,0.64,0.76,2A13
STU_1201,Salma_1201,Haddad,Female,21,Tunisian,2.64,2.77,2.14,2.21,5SLEAM15
STU_1202,Foued,Abidi,Male,18,Tunisian,0.73,0.95,1.16,0.74,5SIM70
STU_1203,Khadija,Bouazizi,Female,20,Tunisian,0.68,1.48,0.72,0.94,1A29
STU_1204,Tarek,Abidi,Male,19,Tunisian,0.96,2.09,0.67,0.8,4INFINI29
STU_1205,Rim,Trabelsi,Female,20,Tunisian,3.01,3.14,3.46,3.86,5GAMIX78
STU_1206,Anis,Cherif,Male,21,Tunisian,1.87,1.5,2.28,2.05,5NIDS65
STU_1207,Wided_1207,Abidi,Female,18,Tunisian,2.68,2.6,2.98,2.53,4SAE19
STU_1208,Khadija,Trabelsi,Female,18,Tunisian,2.92,4.37,3.52,3.93,4NIDS96
STU_1209,Rami,Mejri,Male,21,Tunisian,1.52,1.72,1.58,2.21,4NIDS96
STU_1210,Wided,Cherif,Female,23,Tunisian,2.41,2.35,2.77,1.72,2A46
STU_1211,Mouna_1211,Baccouche,Female,19,Tunisian,2.16,3.58,3.12,3.85,2A99
STU_1212,Fatma,Ben Ali,Female,18,Tunisian,0.84,0.16,0.6,0.78,3A21
STU_1213,Khady,Diallo,Female,20,Senegalese,3.56,4.41,3.81,4.79,5DS88
STU_1214,Manel_1214,Mabrouk,Female,21,Tunisian,3.55,2.37,2.6,3.18,2P06
STU_1215,Hatem,Khemiri,Male,22,Tunisian,3.19,2.47,2.65,2.51,2P06
STU_1216,Djamila,Brahimi,Female,20,Algerian,4.54,4.26,4.78,4.94,2A71
STU_1217,Nizar,Ben Ali,Male,18,Tunisian,2.36,0.81,2.07,1.26,5ARCTIC38
STU_1218,Adel,Maaloul,Male,19,Tunisian,4.55,4.28,4.3,4.44,3A78
STU_1219,Anis,Ben Ali,Male,22,Tunisian,2.18,1.94,2.24,1.69,3A88
STU_1220,Amina_1220,Abidi,Female,22,Tunisian,2.4,2.56,1.8,1.43,4NIDS96
STU_1221,Nizar,Abidi,Male,21,Tunisian,3.1,2.91,2.86,3.11,4NIDS18
STU_1222,Adel_1222,Abidi,Male,22,Tunisian,2.62,2.46,2.5,3.39,3A69
STU_1223,Tarek,Bouazizi,Male,19,Tunisian,1.68,2.94,3.33,2.97,5SLEAM93
STU_1224,Wided,Slimani,Female,18,Tunisian,1.91,3.19,2.42,3.36,4SAE12
STU_1225,Mouna,Mejri,Female,23,Tunisian,2.79,2.57,2.49,2.89,2P06
STU_1226,Rami,Trabelsi,Male,17,Tunisian,2.63,2.63,2.65,2.88,5DS88
STU_1227,Nizar,Haddad,Male,21,Tunisian,3.47,3.02,2.87,3.19,4IOSYS55
STU_1228,Siwar_1228,Jaziri,Female,20,Tunisian,1.67,2.13,1.6,1.85,5SLEAM93
STU_1229,Dorra,Khemiri,Female,20,Tunisian,1.4,2.05,2.45,2.07,5INFINI98
STU_1230,Walid,Haddad,Male,20,Tunisian,2.86,3.42,3.62,3.05,3B21
STU_1231,Asma_1231,Ghanouchi,Female,20,Tunisian,2.19,2.76,2.42,1.96,5NIDS65
STU_1232,Wassim,Haddad,Male,19,Tunisian,2.41,2.38,2.17,2.58,2P74
STU_1233,Ines,Toumi,Female,17,Tunisian,3.86,4.03,4.36,2.02,3B21
STU_1234,Nabil,Abidi,Male,19,Tunisian,2.35,2.53,2.59,1.9,3B21
STU_1235,Wided,Jaziri,Female,21,Tunisian,0.57,0.83,0.5,0.54,2A49
STU_1236,Coumba,Diouf,Female,19,Senegalese,3.75,3.28,3.13,2.69,4SIM88
STU_1237,Manel,Chebbi,Female,22,Tunisian,1.95,2.16,1.27,2.35,5ARCTIC38
STU_1238,Yamina,Rahmani,Female,20,Algerian,2.71,3.12,2.67,2.08,5SAE68
STU_1239,Asma_1239,Ben Ali,Female,21,Tunisian,3.82,3.54,4.29,2.4,3B99
STU_1240,Samira,Mabrouk,Female,19,Tunisian,1.84,2.06,2.35,1.87,3B49
STU_1241,Mariam,Diarra,Female,20,Malian,1.87,2.72,2.31,1.41,2P74
STU_1242,Rania_1242,Mabrouk,Female,17,Tunisian,3.16,3.38,3.59,2.73,3A30
STU_1243,Hedi_1243,Cherif,Male,19,Tunisian,2.2,2.29,2.67,3.25,4BI77
STU_1244,Yasmine,Maaloul,Female,21,Tunisian,2.05,2.65,2.66,1.17,3B36
STU_1245,Farah_1245,Toumi,Female,20,Tunisian,4.39,3.35,4.31,2.25,5SAE68
STU_1246,Adel,Baccouche,Male,20,Tunisian,1.68,1.4,1.61,1.19,2A46
STU_1247,Farah_1247,Khemiri,Female,20,Tunisian,3.99,3.37,3.69,4.03,4IOSYS92
STU_1248,Youssef_1248,Ben Ali,Male,19,Tunisian,2.71,1.83,2.33,2.85,5DS88
STU_1249,Skander,Bouazizi,Male,19,Tunisian,3.26,3.21,3.27,2.77,4NIDS96
STU_1250,Hiba_1250,Haddad,Female,29,Tunisian,3.5,2.8,3.05,3.41,4NIDS96
STU_1251,Sarra_1251,Ghanouchi,Female,21,Tunisian,3.03,2.61,3.61,3.09,2P78
STU_1252,Foued_1252,Abidi,Male,18,Tunisian,2.81,2.01,2.73,2.02,2P06
STU_1253,Lotfi_1253,Ben Ali,Male,18,Tunisian,4.45,4.17,4.59,4.77,5SAE01
STU_1254,Hedi_1254,Saidi,Male,21,Tunisian,2.03,2.64,2.09,3.6,5SLEAM15
STU_1255,Mourad,Khemiri,Male,21,Tunisian,4.72,4.1,4.45,3.52,4SIM88
STU_1256,Ahmed_1256,Bouazizi,Male,19,Tunisian,2.83,1.42,2.0,1.6,1A05
STU_1257,Asma_1257,Maaloul,Female,22,Tunisian,1.69,2.83,1.92,1.96,2P78
STU_1258,Rim_1258,Slimani,Female,18,Tunisian,5.0,4.86,4.81,4.27,2A13
STU_1259,Sofiene_1259,Khemiri,Male,19,Tunisian,2.01,1.43,1.43,1.17,4ARCTIC28
STU_1260,Nadia_1260,Mabrouk,Female,20,Tunisian,4.17,4.47,4.24,2.62,5SIM65
STU_1261,Hend_1261,Jebali,Female,28,Tunisian,3.67,2.88,3.94,2.13,1A32
STU_1262,Lotfi_1262,Mejri,Male,21,Tunisian,3.73,2.61,3.18,3.1,2P78
STU_1263,Salma_1263,Toumi,Female,22,Tunisian,1.7,2.85,1.88,1.51,3A86
STU_1264,Asma_1264,Toumi,Female,18,Tunisian,1.05,1.64,1.65,1.6,2P74
STU_1265,Fares_1265,Toumi,Male,21,Tunisian,3.56,2.72,3.3,1.93,5INFINI98
STU_1266,Walid_1266,Saidi,Male,21,Tunisian,1.89,1.64,2.75,2.49,1A20
STU_1267,Oumaima,Mejri,Female,19,Tunisian,3.13,2.95,2.66,3.08,3B99
STU_1268,Fares_1268,Baccouche,Male,19,Tunisian,2.34,2.54,2.4,1.3,2A99
STU_1269,Ines_1269,Ghanouchi,Female,21,Tunisian,2.56,3.45,3.07,2.57,1A12
STU_1270,Dorra_1270,Mabrouk,Female,20,Tunisian,2.53,2.64,2.32,2.34,4GAMIX69
STU_1271,Tarek_1271,Saidi,Male,21,Tunisian,3.07,2.91,3.02,2.91,2A99
STU_1272,Samira_1272,Ben Ali,Female,19,Tunisian,3.72,4.0,3.16,4.05,4BI77
STU_1273,Ahmed_1273,Jaziri,Male,20,Tunisian,0.87,1.25,1.53,1.47,4BI83
STU_1274,Aminata,Kone,Female,19,Ivorian,1.26,1.99,1.8,2.09,5NIDS71
STU_1275,Adjoua,Ouattara,Female,23,Ivorian,2.44,2.52,2.56,2.11,5SIM65
STU_1276,Amine_1276,Bouazizi,Male,21,Tunisian,2.33,2.1,1.97,2.19,1A20
STU_1277,Hatem_1277,Khemiri,Male,20,Tunisian,2.28,2.74,1.58,2.23,4IOSYS92
STU_1278,Ahmed_1278,Baccouche,Male,20,Tunisian,2.24,2.58,2.74,3.55,2A98
STU_1279,Amenan,Kouame,Female,19,Ivorian,2.61,2.29,2.98,1.59,5SAE01
STU_1280,Anis_1280,Ben Ali,Male,23,Tunisian,2.98,3.19,3.8,2.43,5BI21
STU_1281,Ines_1281,Baccouche,Female,21,Tunisian,2.91,3.32,2.64,3.8,1A76
STU_1282,Ahmed_1282,Maaloul,Male,20,Tunisian,3.89,3.64,3.48,4.3,1A92
STU_1283,Walid_1283,Ghanouchi,Male,22,Tunisian,1.91,1.97,1.88,2.02,3A88
STU_1284,Chaima,Mejri,Female,20,Tunisian,2.99,2.81,2.91,2.11,5NIDS65
STU_1285,Ahmed_1285,Jaziri,Male,20,Tunisian,0.92,2.04,1.93,2.39,4ARCTIC50
STU_1286,Asma_1286,Khemiri,Female,18,Tunisian,2.67,3.76,3.24,3.06,2P11
STU_1287,Hedi,Trabelsi,Male,17,Tunisian,1.82,2.1,1.7,2.46,4INFINI28
STU_1288,Mehdi,Bouazizi,Male,19,Tunisian,3.22,3.2,2.61,3.99,4BI77
STU_1289,Rami_1289,Baccouche,Male,20,Tunisian,4.47,3.81,3.74,2.71,1A44
STU_1290,Wided_1290,Ben Ali,Female,18,Tunisian,1.87,2.26,2.63,1.26,1A12
STU_1291,Oumaima_1291,Jebali,Female,18,Tunisian,2.61,2.67,2.26,3.02,5SAE68
STU_1292,Asma_1292,Abidi,Female,21,Tunisian,3.95,3.63,3.26,4.41,2P06
STU_1293,Wided_1293,Slimani,Female,18,Tunisian,2.11,2.53,2.41,1.88,4ARCTIC28
STU_1294,Jamal,Fassi,Male,18,Moroccan,2.2,1.63,1.92,2.34,4SIM88
STU_1295,Ali,Khemiri,Male,19,Tunisian,3.01,2.71,2.38,2.63,2A06
STU_1296,Manel_1296,Saidi,Female,18,Tunisian,3.42,3.02,2.73,3.38,3A30
STU_1297,Sonia_1297,Cherif,Female,24,Tunisian,2.15,2.06,2.4,2.05,5SLEAM15
STU_1298,Zied_1298,Haddad,Male,20,Tunisian,2.51,1.95,1.79,2.8,3B35
STU_1299,Ahmed_1299,Ghanouchi,Male,20,Tunisian,3.49,3.33,3.6,3.99,5SLEAM15
STU_1300,Emna_1300,Jaziri,Female,19,Tunisian,2.51,2.22,3.04,1.78,1A29
STU_1301,Rania_1301,Slimani,Female,19,Tunisian,1.24,2.45,1.78,2.97,2P11
STU_1302,Hawa,Sow,Female,19,Guinean,1.17,1.27,1.19,1.68,4ARCTIC50
STU_1303,Oumaima,Haddad,Female,18,Tunisian,2.8,2.2,2.36,1.6,1A04
STU_1304,Wided_1304,Chebbi,Female,19,Tunisian,1.81,0.86,1.08,2.34,5ARCTIC38
STU_1305,Karim_1305,Ghanouchi,Male,18,Tunisian,3.19,3.14,3.24,4.24,3A86
STU_1306,Zied_1306,Ben Ali,Male,26,Tunisian,2.38,1.08,1.27,2.15,4BI77
STU_1307,Emna_1307,Ben Ali,Female,18,Tunisian,2.75,1.95,3.17,1.72,2A99
STU_1308,Oumaima_1308,Saidi,Female,19,Tunisian,3.52,3.81,3.41,3.92,5BI77
STU_1309,Chaima_1309,Saidi,Female,20,Tunisian,2.2,2.71,2.08,0.93,3B90
STU_1310,Mourad_1310,Jaziri,Male,19,Tunisian,0.97,2.03,1.39,2.01,5SLEAM93
STU_1311,Skander_1311,Slimani,Male,22,Tunisian,2.39,2.91,2.15,2.79,2A71
STU_1312,Adama,Coulibaly,Male,17,Malian,3.46,3.06,2.42,1.28,3A78
STU_1313,Wided_1313,Ghanouchi,Female,23,Tunisian,3.54,2.87,2.9,2.45,3B82
STU_1314,Sofiene_1314,Slimani,Male,19,Tunisian,3.12,2.28,2.41,2.58,1A05
STU_1315,Oumaima_1315,Chebbi,Female,18,Tunisian,3.58,3.3,3.7,3.33,1A12
STU_1316,Zied_1316,Cherif,Male,20,Tunisian,4.27,4.41,4.58,4.3,4INFINI29
STU_1317,Skander_1317,Mabrouk,Male,18,Tunisian,2.57,2.43,2.5,1.52,5TWIN20
STU_1318,Amine_1318,Cherif,Male,20,Tunisian,2.41,2.14,2.19,2.77,1A04
STU_1319,Salma_1319,Toumi,Female,21,Tunisian,3.46,4.4,3.64,2.43,4IOSYS92
STU_1320,Khadija_1320,Slimani,Female,22,Tunisian,2.99,2.81,3.14,2.83,2A13
STU_1321,Zied_1321,Abidi,Male,20,Tunisian,0.13,2.04,1.33,1.44,5SLEAM15
STU_1322,Zied_1322,Ben Ali,Male,22,Tunisian,1.98,2.12,1.84,0.06,1A32
STU_1323,Rim_1323,Mabrouk,Female,20,Tunisian,4.77,4.04,4.21,4.5,4INFINI29
STU_1324,Nabil_1324,Jebali,Male,20,Tunisian,1.33,1.07,0.91,1.0,3B35
STU_1325,Lina_1325,Ghanouchi,Female,22,Tunisian,3.26,3.25,3.18,4.06,3A88
STU_1326,Ghassen_1326,Mejri,Male,20,Tunisian,2.76,3.39,2.71,4.49,5SE69
STU_1327,Mustapha,Tazi,Male,21,Moroccan,1.27,1.39,0.91,2.27,1A04
STU_1328,Wassim_1328,Trabelsi,Male,21,Tunisian,2.51,2.06,2.6,3.67,2P14
STU_1329,Karim_1329,Chebbi,Male,17,Tunisian,1.12,1.18,2.06,1.3,2P81
STU_1330,Mehdi_1330,Mabrouk,Male,21,Tunisian,3.99,3.62,3.67,2.52,1A04
STU_1331,Mehdi_1331,Ben Ali,Male,20,Tunisian,1.5,2.26,2.04,1.86,2P74
STU_1332,Oumaima_1332,Saidi,Female,20,Tunisian,3.46,2.77,3.76,3.25,4SAE19
STU_1333,Sofiene_1333,Ben Ali,Male,17,Tunisian,2.3,1.96,2.46,2.67,4ARCTIC28
STU_1334,Sarra_1334,Khemiri,Female,18,Tunisian,1.67,1.92,1.55,2.02,2A99
STU_1335,Siwar_1335,Saidi,Female,19,Tunisian,1.22,2.01,1.31,1.24,5SLEAM15
STU_1336,Salma_1336,Haddad,Female,18,Tunisian,3.55,2.81,3.32,3.07,4SIM81
STU_1337,Lotfi_1337,Saidi,Male,20,Tunisian,2.0,2.32,2.77,2.05,5NIDS99
STU_1338,Ines_1338,Baccouche,Female,19,Tunisian,2.36,2.22,2.75,1.99,5ARCTIC81
STU_1339,Zohra,Messaoudi,Female,18,Algerian,1.03,1.04,1.51,1.61,4BI83
STU_1340,Lotfi_1340,Chebbi,Male,18,Tunisian,3.47,2.25,2.78,2.62,5SAE01
STU_1341,Karim_1341,Jebali,Male,21,Tunisian,3.45,3.44,3.26,3.48,3B49
STU_1342,Nadia_1342,Saidi,Female,17,Tunisian,1.36,2.1,1.17,2.58,5NIDS65
STU_1343,Samira_1343,Mabrouk,Female,22,Tunisian,3.75,3.78,3.61,4.07,3A30
STU_1344,Samira_1344,Maaloul,Female,20,Tunisian,3.08,4.45,3.7,3.62,5NIDS65
STU_1345,Sofiene_1345,Chebbi,Male,20,Tunisian,3.71,3.57,4.06,2.57,1A87
STU_1346,Amel_1346,Mejri,Female,20,Tunisian,3.3,2.47,2.29,3.04,3B36
STU_1347,Foued_1347,Chebbi,Male,22,Tunisian,1.81,1.1,1.01,0.68,5SIM65
STU_1348,Nadia_1348,Toumi,Female,18,Tunisian,3.25,3.25,2.7,1.98,2A71
STU_1349,Khadija_1349,Haddad,Female,35,Tunisian,1.9,2.12,1.85,1.39,5NIDS82
STU_1350,Manel_1350,Cherif,Female,20,Tunisian,2.83,3.69,4.45,3.65,5BI77
STU_1351,Mohamed_1351,Toumi,Male,22,Tunisian,1.6,2.04,2.17,3.16,1A29
STU_1352,Oumaima_1352,Maaloul,Female,22,Tunisian,3.26,4.42,3.72,3.54,1A32
STU_1353,Rachid,Haddad,Male,20,Moroccan,2.48,1.71,2.59,1.85,2P14
STU_1354,Ines_1354,Ghanouchi,Female,20,Tunisian,2.51,2.53,1.82,2.41,5NIDS99
STU_1355,Hatem_1355,Abidi,Male,19,Tunisian,2.63,3.71,3.24,3.42,1A01
STU_1356,Rania_1356,Slimani,Female,23,Tunisian,4.22,3.79,4.2,3.42,1A12
STU_1357,Omar_1357,Jebali,Male,22,Tunisian,1.53,2.14,2.13,2.37,1A29
STU_1358,Fatma_1358,Maaloul,Female,19,Tunisian,1.97,2.61,2.62,2.24,5NIDS71
STU_1359,Nadia_1359,Ghanouchi,Female,19,Tunisian,3.38,3.89,3.13,2.88,4IOSYS92
STU_1360,Bechir_1360,Saidi,Male,19,Tunisian,3.31,3.86,3.49,3.61,4SE64
STU_1361,Aisha,Ahmed,Female,24,Libyan,0.63,2.27,2.11,1.05,5NIDS71
STU_1362,Siwar_1362,Bouazizi,Female,21,Tunisian,2.21,2.8,2.79,2.47,5GAMIX78
STU_1363,Wassim_1363,Slimani,Male,22,Tunisian,2.95,2.15,2.09,2.84,4IOSYS55
STU_1364,Rania_1364,Mabrouk,Female,22,Tunisian,3.67,3.54,3.71,2.29,5ARCTIC38
STU_1365,Jean,Mballa,Male,20,Cameroonian,3.48,3.45,2.74,3.89,3A78
STU_1366,Emna_1366,Saidi,Female,20,Tunisian,2.06,3.12,2.58,2.6,5TWIN20
STU_1367,Hatem_1367,Slimani,Male,22,Tunisian,2.53,2.67,2.05,2.75,4NIDS96
STU_1368,Bechir_1368,Maaloul,Male,19,Tunisian,3.42,3.8,4.05,3.52,4SIM66
STU_1369,Awa,Kouame,Female,21,Ivorian,3.45,2.39,2.95,3.28,4IOSYS52
STU_1370,Farah_1370,Baccouche,Female,19,Tunisian,1.16,1.53,0.89,0.58,3A88
STU_1371,Hedi_1371,Mabrouk,Male,18,Tunisian,2.95,2.27,2.86,3.28,4SAE19
STU_1372,Mouna_1372,Toumi,Female,22,Tunisian,2.46,2.42,2.5,1.61,5GAMIX78
STU_1373,Fatoumata,Konan,Female,21,Ivorian,2.4,3.36,3.12,2.85,2P06
STU_1374,Mariem_1374,Trabelsi,Female,20,Tunisian,0.86,1.6,1.61,1.19,5NIDS82
STU_1375,Tarek_1375,Jaziri,Male,19,Tunisian,3.28,3.61,3.99,3.77,4SIM81
STU_1376,Sarra_1376,Mabrouk,Female,21,Tunisian,3.27,3.08,3.11,3.78,2A98
STU_1377,Youssef_1377,Mabrouk,Male,20,Tunisian,1.46,2.91,1.83,1.82,5ARCTIC81
STU_1378,Farah_1378,Abidi,Female,21,Tunisian,1.92,3.1,2.14,3.06,5SE44
STU_1379,Oumaima_1379,Saidi,Female,22,Tunisian,1.02,3.87,2.79,2.82,3A69
STU_1380,Hend_1380,Ghanouchi,Female,18,Tunisian,3.1,3.24,3.49,3.88,2A91
STU_1381,Siwar_1381,Toumi,Female,18,Tunisian,3.4,2.92,3.07,2.5,5SAE68
STU_1382,Amel_1382,Haddad,Female,20,Tunisian,3.49,3.54,3.51,2.54,5NIDS82
STU_1383,Foued_1383,Chebbi,Male,21,Tunisian,3.1,2.91,2.73,2.58,2A13
STU_1384,Lotfi_1384,Jaziri,Male,20,Tunisian,3.98,3.05,3.62,2.25,3B90
STU_1385,Fatima,Brahimi,Female,22,Algerian,1.85,1.2,2.43,0.68,4NIDS18
STU_1386,Amel_1386,Slimani,Female,20,Tunisian,2.62,2.04,2.52,1.43,1A92
STU_1387,Leila_1387,Ghanouchi,Female,18,Tunisian,1.91,1.79,1.65,2.08,4INFINI29
STU_1388,Meriem_1388,Jebali,Female,19,Tunisian,2.58,3.55,2.74,1.94,2P69
STU_1389,Amine_1389,Abidi,Male,22,Tunisian,1.37,1.98,1.53,2.51,3A69
STU_1390,Kouadio,Diallo,Male,21,Ivorian,0.94,1.85,1.15,2.31,1A72
STU_1391,Iheb_1391,Mejri,Male,25,Tunisian,1.52,1.3,1.25,2.5,5BI21
STU_1392,Fatima,Lahlou,Female,21,Moroccan,1.84,1.57,1.41,0.93,5ARCTIC81
STU_1393,Zied_1393,Jebali,Male,20,Tunisian,3.92,4.03,3.85,3.82,4IOSYS92
STU_1394,Chaima_1394,Baccouche,Female,19,Tunisian,2.6,3.09,2.64,3.43,3B35
STU_1395,Hiba_1395,Maaloul,Female,18,Tunisian,2.29,2.09,2.6,0.76,3B35
STU_1396,Nizar_1396,Abidi,Male,18,Tunisian,2.07,2.56,2.32,2.9,4ARCTIC50
STU_1397,Mourad_1397,Toumi,Male,19,Tunisian,3.34,3.9,2.95,4.16,5SLEAM15
STU_1398,Oumaima_1398,Ghanouchi,Female,20,Tunisian,2.73,2.43,2.77,2.12,3B36
STU_1399,Mouna_1399,Jaziri,Female,18,Tunisian,1.7,2.2,2.17,1.59,5SAE68
STU_1400,Sarra_1400,Mabrouk,Female,18,Tunisian,1.71,3.14,2.26,3.7,5ARCTIC81
STU_1401,Anis_1401,Maaloul,Male,21,Tunisian,2.26,1.92,2.44,2.95,4DS15
STU_1402,Khady,Diouf,Female,19,Senegalese,2.26,3.23,2.88,2.41,1A76
STU_1403,Esther,Njoya,Female,19,Cameroonian,1.42,0.35,1.6,2.3,3B99
STU_1404,Nabil_1404,Cherif,Male,18,Tunisian,3.47,4.73,4.25,4.18,3B21
STU_1405,Youssef_1405,Bouazizi,Male,19,Tunisian,1.84,2.03,1.76,2.69,3A41
STU_1406,Kouadio,Kouame,Male,18,Ivorian,2.16,1.58,1.34,2.22,5INFINI98
STU_1407,Hatem_1407,Chebbi,Male,22,Tunisian,3.09,3.09,3.04,4.58,5NIDS65
STU_1408,Marie,Mballa,Female,21,Cameroonian,2.82,2.36,2.91,3.7,5NIDS71
STU_1409,Fanta,Camara,Female,17,Guinean,1.54,1.39,1.35,1.14,5NIDS82
STU_1410,Sarra_1410,Khemiri,Female,20,Tunisian,3.7,4.17,3.89,3.63,1A30
STU_1411,Rania_1411,Ben Ali,Female,21,Tunisian,3.23,2.61,3.19,2.27,3A86
STU_1412,Rim_1412,Slimani,Female,20,Tunisian,3.36,3.5,3.07,3.8,1A18
STU_1413,Manel_1413,Ghanouchi,Female,22,Tunisian,2.11,2.51,2.39,2.62,4IOSYS52
STU_1414,Fatima,Tazi,Female,22,Moroccan,2.72,3.18,2.0,2.81,4SE64
STU_1415,Ines_1415,Cherif,Female,21,Tunisian,2.79,2.8,2.42,4.33,4IOSYS52
STU_1416,Adel_1416,Haddad,Male,20,Tunisian,1.53,0.0,0.45,0.48,3A21
STU_1417,Jamal,El Idrissi,Male,26,Moroccan,2.37,2.87,2.87,1.39,4SAE12
STU_1418,Ibrahim,Kone,Male,17,Ivorian,1.41,1.56,0.85,0.5,2P74
STU_1419,Dorra_1419,Ghanouchi,Female,19,Tunisian,1.73,1.49,2.07,2.24,1A87
STU_1420,Wided_1420,Khemiri,Female,22,Tunisian,0.94,1.23,1.05,0.56,2P78
STU_1421,Wassim_1421,Ben Ali,Male,20,Tunisian,2.35,2.44,2.49,2.62,5SIM70
STU_1422,Ismail_1422,Trabelsi,Male,21,Tunisian,1.92,1.12,1.21,0.98,5SLEAM15
STU_1423,Karim_1423,Ben Ali,Male,20,Tunisian,0.51,2.12,1.73,1.84,5NIDS71
STU_1424,Lotfi_1424,Ghanouchi,Male,21,Tunisian,2.47,3.62,3.32,2.24,3B46
STU_1425,Foued_1425,Bouazizi,Male,19,Tunisian,3.77,2.75,2.93,2.48,1A05
STU_1426,Adjoua,Traore,Female,19,Ivorian,2.97,2.63,3.03,2.5,2P78
STU_1427,Nour_1427,Ghanouchi,Female,19,Tunisian,2.19,3.27,2.69,2.4,2A71
STU_1428,Adel_1428,Slimani,Male,19,Tunisian,2.48,3.33,3.42,2.41,3B49
STU_1429,Wassim_1429,Trabelsi,Male,20,Tunisian,4.31,4.6,4.2,3.81,3B49
STU_1430,Ali_1430,Trabelsi,Male,20,Tunisian,1.96,2.13,2.59,1.66,1A30
STU_1431,Yasmine_1431,Jaziri,Female,20,Tunisian,3.45,4.13,3.49,3.22,2A71
STU_1432,Nizar_1432,Bouazizi,Male,21,Tunisian,1.95,2.9,2.66,3.56,1A30
STU_1433,Mouna_1433,Saidi,Female,19,Tunisian,2.3,2.85,2.84,1.24,4SAE12
STU_1434,Nadia_1434,Cherif,Female,20,Tunisian,4.17,3.25,4.31,3.96,3A41
STU_1435,Adel_1435,Cherif,Male,23,Tunisian,3.68,2.89,2.75,3.43,5NIDS82
STU_1436,Rania_1436,Khemiri,Female,22,Tunisian,2.77,3.88,4.02,2.83,4IOSYS92
STU_1437,Yao,Traore,Male,20,Ivorian,0.6,1.11,0.62,2.55,1A18
STU_1438,Lina_1438,Trabelsi,Female,18,Tunisian,4.04,3.74,2.86,2.66,5DS88
STU_1439,Manel_1439,Chebbi,Female,20,Tunisian,1.3,1.88,1.31,1.93,4SAE12
STU_1440,Dorra_1440,Chebbi,Female,17,Tunisian,1.37,1.04,0.47,0.76,1A87
STU_1441,Mariem_1441,Mabrouk,Female,18,Tunisian,3.94,3.44,4.84,3.03,3A21
STU_1442,Khadija,Alaoui,Female,21,Moroccan,2.76,3.53,3.04,2.19,1A44
STU_1443,Aboubacar,Sow,Male,19,Guinean,2.5,1.58,1.95,1.78,5NIDS99
STU_1444,Wassim_1444,Jaziri,Male,23,Tunisian,1.14,0.47,0.73,0.0,3B99
STU_1445,Nabil_1445,Khemiri,Male,23,Tunisian,3.13,2.85,2.65,2.11,5ARCTIC81
STU_1446,Yamina,Messaoudi,Female,21,Algerian,2.89,3.16,2.93,1.98,5ARCTIC81
STU_1447,Rami_1447,Abidi,Male,20,Tunisian,2.44,0.88,2.09,2.94,1A30
STU_1448,Siwar_1448,Maaloul,Female,21,Tunisian,2.09,2.02,1.56,2.14,1A72
STU_1449,Dorra_1449,Cherif,Female,18,Tunisian,2.63,2.64,2.77,2.46,4ARCTIC50
STU_1450,Ines_1450,Haddad,Female,19,Tunisian,3.87,3.45,4.03,4.47,5ARCTIC38
STU_1451,Mohamed_1451,Maaloul,Male,19,Tunisian,1.64,1.51,1.47,1.61,4NIDS96
STU_1452,Chantal,Oumarou,Female,24,Cameroonian,3.84,3.15,3.43,2.15,4SAE12
STU_1453,Foued_1453,Toumi,Male,19,Tunisian,2.05,2.57,2.07,2.4,3A41
STU_1454,Adel_1454,Cherif,Male,22,Tunisian,2.76,2.41,1.95,1.94,5BI77
STU_1455,Rim_1455,Trabelsi,Female,20,Tunisian,2.97,3.92,3.14,2.63,2P06
STU_1456,Sofiene_1456,Khemiri,Male,19,Tunisian,2.87,2.57,2.83,2.05,1A29
STU_1457,Fatou,Diop,Female,18,Senegalese,4.0,3.85,4.45,3.92,5INFINI98
STU_1458,Sami_1458,Chebbi,Male,20,Tunisian,2.72,2.93,2.52,2.1,4BI77
STU_1459,Djamila,Mansouri,Female,21,Algerian,2.15,2.72,2.51,2.42,5INFINI98
STU_1460,Chaima_1460,Ben Ali,Female,19,Tunisian,2.88,2.56,2.47,3.25,4IOSYS52
STU_1461,Tarek_1461,Jaziri,Male,19,Tunisian,3.08,4.04,3.48,2.88,2A49
STU_1462,Yasmine_1462,Chebbi,Female,19,Tunisian,2.71,2.72,2.81,2.33,5ARCTIC81
STU_1463,Ahmed_1463,Ghanouchi,Male,23,Tunisian,2.44,1.74,2.25,1.93,3B90
STU_1464,Nour_1464,Khemiri,Female,19,Tunisian,1.9,2.37,2.78,2.62,5SIM70
STU_1465,Bintou,Sidibe,Female,19,Malian,1.54,2.54,2.46,3.23,5TWIN20
STU_1466,Iheb_1466,Mabrouk,Male,21,Tunisian,2.29,1.11,2.39,1.31,4GAMIX69
STU_1467,Mehdi_1467,Bouazizi,Male,20,Tunisian,2.72,2.1,2.88,2.48,4TWIN96
STU_1468,Adel_1468,Ghanouchi,Male,25,Tunisian,4.0,3.91,3.39,2.11,1A20
STU_1469,Oumaima_1469,Ben Ali,Female,20,Tunisian,1.91,2.11,2.73,2.8,1A90
STU_1470,Dorra_1470,Toumi,Female,18,Tunisian,2.91,4.61,4.13,3.7,3B99
STU_1471,Hedi_1471,Maaloul,Male,22,Tunisian,2.76,1.6,2.04,2.06,3B46
STU_1472,Asma_1472,Mabrouk,Female,20,Tunisian,3.31,3.22,2.47,1.98,2P11
STU_1473,Rania_1473,Jebali,Female,21,Tunisian,2.86,3.86,3.46,2.36,4SIM66
STU_1474,Madeleine,Mballa,Female,17,Cameroonian,2.21,2.26,2.23,2.42,4SE64
STU_1475,Sami_1475,Saidi,Male,20,Tunisian,2.56,2.45,2.92,1.64,5SIM70
STU_1476,Wassim_1476,Saidi,Male,34,Tunisian,2.76,3.73,3.62,3.16,2P69
STU_1477,Lotfi_1477,Mabrouk,Male,19,Tunisian,3.11,3.36,3.16,2.21,1A01
STU_1478,Sami_1478,Toumi,Male,22,Tunisian,2.63,1.4,1.24,2.33,2P81
STU_1479,Youssef_1479,Bouazizi,Male,19,Tunisian,2.53,1.94,3.16,3.44,1A30
STU_1480,Sonia_1480,Baccouche,Female,20,Tunisian,1.89,2.75,2.05,1.93,1A87
STU_1481,Wassim_1481,Ben Ali,Male,19,Tunisian,2.56,2.06,2.66,3.24,4NIDS18
STU_1482,Wided_1482,Baccouche,Female,20,Tunisian,3.08,2.89,3.16,3.05,3B35
STU_1483,Ghassen_1483,Mejri,Male,18,Tunisian,4.12,2.89,3.27,4.61,4NIDS96
STU_1484,Nabil_1484,Ben Ali,Male,21,Tunisian,2.68,1.34,1.97,2.48,1A32
STU_1485,Mohamed_1485,Trabelsi,Male,22,Tunisian,2.64,2.73,2.91,2.53,3B46
STU_1486,Fatiha,Brahimi,Female,20,Algerian,1.34,0.54,1.06,0.12,4SIM66
STU_1487,Nadia_1487,Khemiri,Female,22,Tunisian,1.17,1.57,0.97,1.21,3B49
STU_1488,Hedi_1488,Khemiri,Male,22,Tunisian,5.0,3.68,4.43,4.59,5SIM70
STU_1489,Ahmed_1489,Toumi,Male,18,Tunisian,2.9,2.74,2.57,2.65,5NIDS99
STU_1490,Manel_1490,Slimani,Female,22,Tunisian,2.77,3.17,3.45,3.07,2P69
STU_1491,Wided_1491,Trabelsi,Female,19,Tunisian,3.9,2.48,3.08,2.55,2P69
STU_1492,Aya,Konan,Female,23,Ivorian,5.0,3.04,3.59,3.62,2P14
STU_1493,Oumaima_1493,Haddad,Female,21,Tunisian,1.39,2.75,1.74,2.68,1A87
STU_1494,Chaima_1494,Maaloul,Female,22,Tunisian,1.33,0.93,1.51,2.27,3A69
STU_1495,Mohamed,Alaoui,Male,19,Moroccan,1.52,1.5,1.56,2.29,4BI83
STU_1496,Walid_1496,Ghanouchi,Male,18,Tunisian,3.61,3.26,2.96,3.95,5INFINI98
STU_1497,Ghassen_1497,Toumi,Male,21,Tunisian,1.48,1.29,0.34,1.01,5SAE01
STU_1498,Salma_1498,Jaziri,Female,21,Tunisian,1.48,2.21,2.6,0.81,1A72
STU_1499,Amina_1499,Trabelsi,Female,21,Tunisian,2.13,2.27,2.63,3.01,2P74
STU_1500,Sarra_1500,Jaziri,Female,19,Tunisian,3.87,3.34,3.59,3.38,4IOSYS92
STU_1501,Samira_1501,Mabrouk,Female,20,Tunisian,3.44,4.75,4.06,4.26,5SAE68
STU_1502,Fares_1502,Trabelsi,Male,22,Tunisian,3.01,3.55,3.69,4.37,4NIDS96
STU_1503,Mariem_1503,Khemiri,Female,21,Tunisian,0.95,2.19,1.91,1.09,2A06
STU_1504,Mariem_1504,Jebali,Female,20,Tunisian,2.16,2.11,1.76,2.18,2A91
STU_1505,Hatem_1505,Maaloul,Male,22,Tunisian,3.55,2.58,2.35,2.79,4SIM66
STU_1506,Farah_1506,Slimani,Female,18,Tunisian,3.25,2.34,3.38,3.3,3B35
STU_1507,Rim_1507,Chebbi,Female,20,Tunisian,0.8,2.22,1.52,1.19,1A20
STU_1508,Ali_1508,Abidi,Male,19,Tunisian,2.23,1.18,1.94,2.99,4BI83
STU_1509,Siwar_1509,Ben Ali,Female,19,Tunisian,2.03,1.74,2.11,2.16,2A91
STU_1510,Dorra_1510,Toumi,Female,20,Tunisian,1.48,1.76,1.2,2.43,3B49
STU_1511,Khady,Diop,Female,21,Senegalese,2.52,2.24,2.18,1.93,4IOSYS55
STU_1512,Wided_1512,Maaloul,Female,20,Tunisian,2.14,3.77,3.49,3.35,1A32
STU_1513,Rania_1513,Khemiri,Female,20,Tunisian,3.23,2.4,3.1,1.9,4SIM81
STU_1514,Mourad_1514,Trabelsi,Male,21,Tunisian,0.56,0.15,0.86,1.2,5SIM70
STU_1515,Madeleine,Moussa,Female,21,Cameroonian,1.63,1.84,0.64,1.57,2A99
STU_1516,Manel_1516,Baccouche,Female,20,Tunisian,1.96,1.34,1.43,0.69,5SAE68
STU_1517,Chaima_1517,Baccouche,Female,19,Tunisian,0.71,2.08,1.67,2.53,3A88
STU_1518,Bechir_1518,Slimani,Male,30,Tunisian,3.06,2.72,3.31,2.42,4IOSYS52
STU_1519,Youssef,Fassi,Male,18,Moroccan,3.17,2.46,3.27,2.41,4SIM88
STU_1520,Hatem_1520,Baccouche,Male,20,Tunisian,2.23,0.99,1.59,0.16,2A49
STU_1521,Siwar_1521,Saidi,Female,18,Tunisian,1.4,2.29,1.95,1.55,3B99
STU_1522,Oumaima_1522,Trabelsi,Female,20,Tunisian,0.7,0.45,1.03,1.21,1A05
STU_1523,Salma_1523,Khemiri,Female,20,Tunisian,1.85,2.64,2.34,1.25,1A92
STU_1524,Hiba_1524,Abidi,Female,19,Tunisian,2.8,3.15,3.5,2.57,4IOSYS52
STU_1525,Karim_1525,Ghanouchi,Male,23,Tunisian,3.62,3.17,3.1,2.92,1A90
STU_1526,Anis_1526,Baccouche,Male,18,Tunisian,3.56,2.64,3.46,3.9,5GAMIX78
STU_1527,Adel_1527,Cherif,Male,18,Tunisian,2.39,2.02,2.04,2.79,4INFINI28
STU_1528,Emmanuel,Mballa,Male,19,Cameroonian,2.38,2.76,2.64,2.25,4DS15
STU_1529,Rami_1529,Slimani,Male,20,Tunisian,3.82,4.51,4.3,3.65,1A92
STU_1530,Fatoumata,Kouassi,Female,19,Ivorian,3.24,2.99,3.51,2.98,3A21
STU_1531,Tarek_1531,Bouazizi,Male,19,Tunisian,2.17,2.3,2.08,4.51,1A12
STU_1532,Fatma_1532,Jaziri,Female,21,Tunisian,1.0,2.05,1.38,1.52,2P81
STU_1533,Wassim_1533,Bouazizi,Male,22,Tunisian,1.38,0.45,1.03,0.84,4SAE12
STU_1534,Iheb_1534,Ben Ali,Male,21,Tunisian,1.83,1.53,1.6,2.24,2A49
STU_1535,Sofiene_1535,Mabrouk,Male,22,Tunisian,4.02,3.84,4.01,4.47,2A91
STU_1536,Rami_1536,Chebbi,Male,23,Tunisian,2.68,2.82,2.37,3.58,3B46
STU_1537,Tarek_1537,Saidi,Male,21,Tunisian,1.85,2.26,2.68,1.79,1A32
STU_1538,Salem,Ali,Male,20,Libyan,2.51,2.29,2.5,1.38,3A30
STU_1539,Ghassen_1539,Toumi,Male,20,Tunisian,1.37,1.21,1.46,1.21,3A30
STU_1540,Mouna_1540,Abidi,Female,21,Tunisian,2.63,3.38,3.12,3.44,5BI77
STU_1541,Hiba_1541,Chebbi,Female,20,Tunisian,3.15,2.42,3.27,3.34,5NIDS71
STU_1542,Sofiene_1542,Chebbi,Male,18,Tunisian,4.35,3.32,3.85,2.5,4TWIN96
STU_1543,Anis_1543,Saidi,Male,20,Tunisian,3.4,3.45,3.09,3.16,3A86
STU_1544,Dorra_1544,Baccouche,Female,18,Tunisian,1.55,0.88,1.69,1.93,5SIM70
STU_1545,Lotfi_1545,Trabelsi,Male,21,Tunisian,2.74,3.12,2.82,2.73,1A92
STU_1546,Mehdi_1546,Cherif,Male,19,Tunisian,2.98,2.92,3.36,3.2,1A72
STU_1547,Chantal,Bouba,Female,22,Cameroonian,2.12,2.23,1.72,1.72,4DS15
STU_1548,Youssef_1548,Mabrouk,Male,21,Tunisian,3.5,2.25,3.35,2.89,1A05
STU_1549,Zied_1549,Khemiri,Male,20,Tunisian,1.55,1.46,1.0,0.96,4IOSYS52
STU_1550,Kouadio,Koffi,Male,20,Ivorian,3.09,3.04,3.44,5.0,4TWIN96
STU_1551,Fares_1551,Haddad,Male,23,Tunisian,3.32,3.13,3.47,2.75,2A49
STU_1552,Zied_1552,Mejri,Male,19,Tunisian,1.6,1.5,1.61,1.62,1A04
STU_1553,Samira_1553,Ben Ali,Female,22,Tunisian,2.97,2.96,3.14,2.59,4ARCTIC50
STU_1554,Rania_1554,Toumi,Female,21,Tunisian,1.64,2.04,1.47,1.33,1A04
STU_1555,Zineb,Lahlou,Female,18,Moroccan,2.47,1.7,2.89,1.88,3A88
STU_1556,Lina_1556,Cherif,Female,18,Tunisian,3.7,3.5,3.0,3.07,4INFINI29
STU_1557,Iheb_1557,Slimani,Male,17,Tunisian,2.59,0.75,2.05,1.54,1A18
STU_1558,Farah_1558,Khemiri,Female,20,Tunisian,1.89,3.1,2.38,1.93,2A06
STU_1559,Nabil_1559,Ghanouchi,Male,20,Tunisian,1.35,0.02,0.77,1.08,4IOSYS52
STU_1560,Nizar_1560,Mabrouk,Male,21,Tunisian,2.29,1.44,1.8,2.5,1A20
STU_1561,Oumaima_1561,Maaloul,Female,19,Tunisian,2.01,2.64,2.38,3.87,4IOSYS52
STU_1562,Sofiene_1562,Mejri,Male,19,Tunisian,2.8,3.06,2.98,2.15,4ARCTIC28
STU_1563,Nour_1563,Ben Ali,Female,21,Tunisian,1.86,2.09,2.77,0.81,3A21
STU_1564,Foued_1564,Jebali,Male,21,Tunisian,3.56,3.61,3.87,3.1,4INFINI29
STU_1565,Salma,Hassan,Female,21,Libyan,2.5,2.56,3.57,2.45,1A76
STU_1566,Asma_1566,Maaloul,Female,19,Tunisian,1.46,2.68,1.93,2.44,2A46
STU_1567,Abdoulaye,Gueye,Male,21,Senegalese,3.67,3.11,3.58,2.81,3B90
STU_1568,Rami_1568,Abidi,Male,21,Tunisian,1.65,1.53,1.99,2.89,4GAMIX69
STU_1569,Omar_1569,Mejri,Male,19,Tunisian,3.53,3.08,3.03,3.01,1A29
STU_1570,Brahim,Mansouri,Male,23,Algerian,3.65,3.04,3.07,3.19,5SE69
STU_1571,Rim_1571,Haddad,Female,18,Tunisian,1.93,2.08,2.32,1.85,5NIDS65
STU_1572,Mohamed_1572,Saidi,Male,19,Tunisian,2.12,2.58,1.65,1.78,5SE44
STU_1573,Sofiene_1573,Maaloul,Male,21,Tunisian,4.32,3.26,4.2,3.45,1A20
STU_1574,Ahmed,Touati,Male,20,Algerian,3.34,3.03,3.14,2.55,1A44
STU_1575,Mariem_1575,Toumi,Female,21,Tunisian,2.33,2.13,2.22,2.34,1A05
STU_1576,Ghassen_1576,Ghanouchi,Male,20,Tunisian,3.8,2.71,3.19,2.3,1A12
STU_1577,Karim_1577,Khemiri,Male,20,Tunisian,1.85,1.24,1.45,1.47,1A32
STU_1578,Dorra_1578,Cherif,Female,19,Tunisian,2.18,1.3,1.32,2.93,1A04
STU_1579,Manel_1579,Maaloul,Female,20,Tunisian,3.69,3.22,3.07,2.25,3B99
STU_1580,Leila_1580,Bouazizi,Female,18,Tunisian,2.63,2.68,2.95,3.2,4SIM81
STU_1581,Houria,Yahiaoui,Female,18,Algerian,2.39,2.25,2.03,1.66,3B46
STU_1582,Nour_1582,Saidi,Female,21,Tunisian,2.89,3.17,3.06,2.25,1A76
STU_1583,Farah_1583,Maaloul,Female,21,Tunisian,2.39,3.42,2.75,4.05,2A91
STU_1584,Wassim_1584,Mejri,Male,17,Tunisian,3.0,2.15,2.51,0.94,5SLEAM15
STU_1585,Karim_1585,Abidi,Male,20,Tunisian,2.48,1.36,1.82,3.69,5INFINI98
STU_1586,Ali_1586,Maaloul,Male,20,Tunisian,3.85,2.72,3.67,2.54,5SAE68
STU_1587,Sarra_1587,Toumi,Female,20,Tunisian,3.07,4.08,2.99,4.29,4BI83
STU_1588,Khadija_1588,Trabelsi,Female,19,Tunisian,1.52,1.87,1.34,1.61,5SLEAM15
STU_1589,Wided_1589,Baccouche,Female,23,Tunisian,2.16,3.6,2.39,1.6,5TWIN20
STU_1590,Lotfi_1590,Chebbi,Male,20,Tunisian,3.93,3.17,3.38,4.19,2A46
STU_1591,Dorra_1591,Ben Ali,Female,18,Tunisian,3.24,3.53,3.84,3.12,4TWIN96
STU_1592,Asma_1592,Cherif,Female,20,Tunisian,3.21,3.2,3.21,2.91,4IOSYS92
STU_1593,Rania_1593,Toumi,Female,19,Tunisian,3.01,3.05,3.65,2.94,5SAE01
STU_1594,Hiba_1594,Ghanouchi,Female,21,Tunisian,3.06,3.22,3.22,2.85,5SIM65
STU_1595,Oumaima_1595,Slimani,Female,22,Tunisian,2.69,3.55,3.44,3.56,2A99
STU_1596,Farah_1596,Ghanouchi,Female,20,Tunisian,2.09,2.68,2.32,3.45,4NIDS96
STU_1597,Nadia,Lahlou,Female,18,Moroccan,2.52,2.72,2.62,2.88,5TWIN20
STU_1598,Bechir_1598,Mabrouk,Male,21,Tunisian,3.82,2.88,3.79,3.76,3B99
STU_1599,Hicham,El Idrissi,Male,18,Moroccan,3.0,2.61,3.13,2.24,2A06
STU_1600,Hanan,Fathi,Female,18,Libyan,3.26,3.3,3.64,2.95,4INFINI28
STU_1601,Dorra_1601,Jebali,Female,21,Tunisian,2.0,3.13,2.69,1.78,2A71
STU_1602,Rania_1602,Slimani,Female,23,Tunisian,2.57,2.6,3.11,2.02,5DS88
STU_1603,Lina_1603,Haddad,Female,21,Tunisian,3.59,2.63,3.0,3.03,5ARCTIC38
STU_1604,Bintou,Diallo,Female,21,Malian,1.59,0.76,1.36,2.39,4IOSYS52
STU_1605,Sekou,Traore,Male,20,Malian,2.34,1.65,1.83,2.34,2A71
STU_1606,Khadija_1606,Jaziri,Female,22,Tunisian,2.03,2.37,1.91,0.97,3A69
STU_1607,Aya,Kouassi,Female,23,Ivorian,0.0,1.35,0.95,0.69,4IOSYS92
STU_1608,Aya,Kone,Female,19,Ivorian,1.89,2.13,1.8,0.7,4IOSYS52
STU_1609,Mariem_1609,Ghanouchi,Female,18,Tunisian,3.69,1.98,3.28,2.61,3A41
STU_1610,Wassim_1610,Mabrouk,Male,21,Tunisian,2.9,2.78,3.21,2.67,2A46
STU_1611,Emna_1611,Khemiri,Female,20,Tunisian,1.68,2.26,1.98,1.94,4DS15
STU_1612,Bintou,Coulibaly,Female,21,Malian,3.17,3.42,3.44,2.66,1A29
STU_1613,Emna_1613,Baccouche,Female,34,Tunisian,0.33,0.84,0.3,0.33,3B99
STU_1614,Tarek_1614,Toumi,Male,20,Tunisian,0.82,2.19,1.44,2.63,4SAE12
STU_1615,Rami_1615,Saidi,Male,24,Tunisian,1.31,2.89,1.51,1.42,4SIM81
STU_1616,Mourad_1616,Mabrouk,Male,18,Tunisian,2.08,0.2,0.79,1.88,1A20
STU_1617,Hedi_1617,Maaloul,Male,20,Tunisian,1.4,1.46,1.13,2.05,4GAMIX69
STU_1618,Chaima_1618,Trabelsi,Female,21,Tunisian,3.04,2.58,3.51,3.06,1A18
STU_1619,Nadia_1619,Abidi,Female,19,Tunisian,2.61,3.37,3.13,3.71,1A72
STU_1620,Ghassen_1620,Jaziri,Male,20,Tunisian,1.28,1.92,1.65,2.06,1A76
STU_1621,Karim_1621,Slimani,Male,21,Tunisian,3.91,4.06,4.02,3.23,4TWIN96
STU_1622,Zied_1622,Jebali,Male,22,Tunisian,4.64,3.57,4.71,5.0,1A04
STU_1623,Sami_1623,Ben Ali,Male,18,Tunisian,3.13,2.44,3.05,2.58,3B90
STU_1624,Ahmed_1624,Slimani,Male,20,Tunisian,2.71,2.41,2.98,2.46,4INFINI28
STU_1625,Lotfi_1625,Mejri,Male,22,Tunisian,2.39,3.12,2.94,2.33,3B21
STU_1626,Youssef_1626,Haddad,Male,21,Tunisian,4.28,3.98,4.26,3.06,5DS88
STU_1627,Leila_1627,Mabrouk,Female,21,Tunisian,3.73,4.18,3.81,4.5,4INFINI29
STU_1628,Michel,Hamadou,Male,20,Cameroonian,2.19,3.32,3.24,4.62,3B82
STU_1629,Houria,Touati,Female,21,Algerian,2.78,1.78,2.13,2.37,3A41
STU_1630,Anis_1630,Baccouche,Male,20,Tunisian,1.93,2.76,2.12,1.71,3B90
STU_1631,Karim_1631,Ben Ali,Male,18,Tunisian,4.27,3.12,3.84,3.04,5TWIN20
STU_1632,Amine_1632,Haddad,Male,20,Tunisian,1.95,2.42,3.15,2.77,5NIDS65
STU_1633,Hicham,Benjelloun,Male,20,Moroccan,2.71,2.52,3.45,3.61,3B99
STU_1634,Aissatou,Diallo,Female,19,Guinean,2.42,0.97,1.54,2.11,1A01
STU_1635,Mariama,Conde,Female,21,Guinean,3.38,3.79,3.95,4.29,2P78
STU_1636,Wided_1636,Jebali,Female,22,Tunisian,1.09,2.84,1.63,2.01,3B21
STU_1637,Rim_1637,Abidi,Female,20,Tunisian,2.84,2.66,2.7,2.8,2A13
STU_1638,Farah_1638,Mabrouk,Female,20,Tunisian,2.26,2.22,2.55,3.08,2A99
STU_1639,Mohamed_1639,Jebali,Male,18,Tunisian,3.17,3.51,3.3,3.63,1A76
STU_1640,Rami_1640,Jebali,Male,18,Tunisian,2.49,3.07,3.08,2.57,5SIM70
STU_1641,Hatem_1641,Saidi,Male,22,Tunisian,2.95,3.25,3.39,3.96,3A69
STU_1642,Ismail_1642,Ghanouchi,Male,22,Tunisian,3.95,4.48,3.85,3.39,2P11
STU_1643,Oumaima_1643,Saidi,Female,20,Tunisian,4.04,3.73,3.44,5.0,2A46
STU_1644,Siwar_1644,Jaziri,Female,18,Tunisian,5.0,4.36,4.96,4.42,4NIDS96
STU_1645,Hawa,Diallo,Female,19,Guinean,2.64,2.38,2.72,2.48,3B21
STU_1646,Hiba_1646,Khemiri,Female,19,Tunisian,1.78,3.19,2.6,2.6,5BI21
STU_1647,Ismail_1647,Trabelsi,Male,19,Tunisian,2.68,2.41,2.93,2.85,3A69
STU_1648,Abdelkader,Touati,Male,20,Algerian,2.47,2.82,2.35,1.83,3A30
STU_1649,Nour_1649,Ghanouchi,Female,20,Tunisian,2.86,2.01,2.29,2.47,5ARCTIC38
STU_1650,Nabil_1650,Maaloul,Male,18,Tunisian,2.84,3.48,2.92,3.32,5TWIN20
STU_1651,Emna_1651,Slimani,Female,20,Tunisian,1.87,3.21,1.89,1.99,5BI77
STU_1652,Dorra_1652,Ben Ali,Female,21,Tunisian,2.84,2.5,2.64,3.34,3B46
STU_1653,Koffi,Kouassi,Male,21,Ivorian,2.64,2.2,2.65,1.49,5BI21
STU_1654,Mustapha,Benjelloun,Male,18,Moroccan,1.92,2.39,2.59,3.48,1A32
STU_1655,Ismail_1655,Cherif,Male,19,Tunisian,1.83,1.27,1.55,1.0,2A98
STU_1656,Ali_1656,Ben Ali,Male,20,Tunisian,3.69,3.01,2.77,2.35,5BI77
STU_1657,Leila_1657,Abidi,Female,18,Tunisian,2.69,2.97,3.07,2.36,2A98
STU_1658,Manel_1658,Ben Ali,Female,22,Tunisian,3.2,4.0,3.18,2.91,1A76
STU_1659,Nizar_1659,Mejri,Male,22,Tunisian,1.84,1.59,1.43,2.41,1A01
STU_1660,Sonia_1660,Cherif,Female,21,Tunisian,3.27,3.49,3.5,3.32,4INFINI28
STU_1661,Hedi_1661,Jaziri,Male,25,Tunisian,2.78,3.11,2.68,3.02,3B90
STU_1662,Ahmed_1662,Abidi,Male,20,Tunisian,4.1,2.71,3.66,3.42,5GAMIX78
STU_1663,Sonia_1663,Slimani,Female,21,Tunisian,3.23,4.28,3.57,3.27,1A30
STU_1664,Asma_1664,Bouazizi,Female,21,Tunisian,1.8,3.23,2.71,1.13,5NIDS71
STU_1665,Foued_1665,Saidi,Male,19,Tunisian,1.21,1.0,1.14,1.54,5TWIN20
STU_1666,Skander_1666,Bouazizi,Male,20,Tunisian,4.32,4.33,4.66,3.38,1A30
STU_1667,Djamila,Touati,Female,23,Algerian,2.09,2.24,2.77,1.51,3A88
STU_1668,Ahmed_1668,Saidi,Male,21,Tunisian,2.19,1.98,2.06,1.47,5SLEAM93
STU_1669,Bechir_1669,Mejri,Male,27,Tunisian,2.04,2.26,2.27,2.81,4SIM66
STU_1670,Sofiene_1670,Saidi,Male,17,Tunisian,1.39,2.29,1.93,2.72,1A12
STU_1671,Lina_1671,Mejri,Female,20,Tunisian,2.24,3.52,2.73,3.94,2P78
STU_1672,Fares_1672,Chebbi,Male,19,Tunisian,4.42,3.51,3.69,3.08,4NIDS18
STU_1673,Souleymane,Coulibaly,Male,18,Malian,3.55,3.91,4.11,3.38,5SIM65
STU_1674,Oumaima_1674,Bouazizi,Female,19,Tunisian,2.91,3.75,3.41,2.83,2A91
STU_1675,Hend_1675,Saidi,Female,20,Tunisian,1.87,1.88,1.73,1.08,5SAE68
STU_1676,Rim_1676,Bouazizi,Female,20,Tunisian,2.86,2.03,2.25,1.82,1A29
STU_1677,Nour_1677,Saidi,Female,20,Tunisian,2.08,2.05,2.06,2.68,5INFINI98
STU_1678,Fatma_1678,Ghanouchi,Female,19,Tunisian,1.86,2.56,2.15,1.44,3A41
STU_1679,Adel_1679,Haddad,Male,22,Tunisian,2.53,4.4,3.32,3.29,5SIM65
STU_1680,Naima,Tazi,Female,19,Moroccan,1.64,1.45,1.27,0.19,4TWIN96
STU_1681,Mariem_1681,Ben Ali,Female,18,Tunisian,2.5,2.98,2.35,2.88,2P81
STU_1682,Amine_1682,Ghanouchi,Male,22,Tunisian,2.44,3.6,2.69,4.14,4IOSYS92
STU_1683,Latifa,El Idrissi,Female,19,Moroccan,3.78,3.2,2.91,3.52,3B99
STU_1684,Bechir_1684,Ben Ali,Male,18,Tunisian,3.42,2.61,2.78,3.57,1A04
STU_1685,Asma_1685,Abidi,Female,26,Tunisian,2.87,3.83,3.45,2.98,1A44
STU_1686,Siwar_1686,Maaloul,Female,19,Tunisian,1.47,2.56,1.92,2.36,3A30
STU_1687,Ahmed,Berrada,Male,20,Moroccan,3.05,2.98,2.42,3.75,2A06
STU_1688,Ines_1688,Jebali,Female,20,Tunisian,2.57,3.68,3.31,3.2,1A20
STU_1689,Youssef,Lahlou,Male,21,Moroccan,1.15,2.07,1.59,2.28,4SIM81
STU_1690,Amine_1690,Bouazizi,Male,24,Tunisian,1.54,1.51,1.61,1.86,5SE44
STU_1691,Mouna_1691,Cherif,Female,18,Tunisian,2.68,2.4,2.1,2.28,3A88
STU_1692,Nadia_1692,Slimani,Female,19,Tunisian,3.18,3.34,3.1,2.94,3B21
STU_1693,Dorra_1693,Ghanouchi,Female,20,Tunisian,3.27,4.12,3.46,4.24,2A49
STU_1694,Nour_1694,Ghanouchi,Female,22,Tunisian,1.99,1.74,1.56,2.58,2P78
STU_1695,Lassana,Keita,Male,21,Malian,2.66,2.27,2.38,2.92,1A05
STU_1696,Mariama,Sow,Female,20,Guinean,2.04,1.34,1.71,1.65,4INFINI29
STU_1697,Chaima_1697,Jaziri,Female,22,Tunisian,2.87,2.4,3.18,4.3,5ARCTIC81
STU_1698,Amina_1698,Khemiri,Female,21,Tunisian,3.44,2.52,2.82,1.46,1A01
STU_1699,Nabil_1699,Bouazizi,Male,19,Tunisian,5.0,3.98,4.06,3.95,2A46
STU_1700,Samira_1700,Ghanouchi,Female,18,Tunisian,2.14,2.93,2.05,1.7,4ARCTIC50
STU_1701,Hatem_1701,Khemiri,Male,20,Tunisian,4.51,3.51,4.34,5.0,4ARCTIC50
STU_1702,Tarek_1702,Mabrouk,Male,19,Tunisian,0.93,1.52,0.57,2.28,4BI83
STU_1703,Mustapha,Berrada,Male,20,Moroccan,3.62,3.12,3.67,3.01,4SAE12
STU_1704,Yasmine_1704,Khemiri,Female,21,Tunisian,2.75,2.71,3.05,2.23,5ARCTIC81
STU_1705,Meriem_1705,Chebbi,Female,18,Tunisian,0.74,1.32,0.78,0.0,5GAMIX78
STU_1706,Nabil_1706,Bouazizi,Male,19,Tunisian,2.87,3.55,3.47,3.26,3A41
STU_1707,Mame,Sow,Female,24,Senegalese,1.79,2.29,2.44,1.78,3A86
STU_1708,Anis_1708,Ben Ali,Male,27,Tunisian,2.38,2.91,2.87,2.36,5SE69
STU_1709,Skander_1709,Ghanouchi,Male,20,Tunisian,3.34,1.4,2.8,2.6,4ARCTIC28
STU_1710,Ghassen_1710,Jaziri,Male,21,Tunisian,3.29,2.88,2.79,3.06,1A87
STU_1711,Youssef_1711,Khemiri,Male,18,Tunisian,3.04,3.13,2.8,2.26,2P14
STU_1712,Nizar_1712,Saidi,Male,19,Tunisian,2.38,2.32,1.93,3.2,5NIDS82
STU_1713,Skander_1713,Saidi,Male,20,Tunisian,3.78,2.19,3.7,3.23,5NIDS82
STU_1714,Bechir_1714,Mejri,Male,19,Tunisian,1.52,3.0,2.68,2.86,1A05
STU_1715,Asma_1715,Jaziri,Female,19,Tunisian,2.63,3.74,3.32,3.32,4IOSYS92
STU_1716,Mohamed,El Idrissi,Male,17,Moroccan,3.16,1.33,2.75,2.2,2P14
STU_1717,Ismail_1717,Maaloul,Male,18,Tunisian,1.96,1.69,2.02,2.51,2P11
STU_1718,Skander_1718,Baccouche,Male,18,Tunisian,1.91,1.76,2.37,1.49,2A98
STU_1719,Oumaima_1719,Toumi,Female,19,Tunisian,3.32,4.19,4.32,3.81,5INFINI98
STU_1720,Lotfi_1720,Ben Ali,Male,20,Tunisian,1.67,1.59,2.12,0.66,4BI83
STU_1721,Sarra_1721,Cherif,Female,19,Tunisian,3.4,3.88,4.33,3.77,4SE64
STU_1722,Mourad_1722,Jebali,Male,19,Tunisian,3.43,3.31,3.8,4.6,2P78
STU_1723,Adel_1723,Mabrouk,Male,35,Tunisian,3.39,3.97,3.73,4.26,1A04
STU_1724,Mehdi_1724,Jaziri,Male,18,Tunisian,2.49,3.19,3.05,2.63,2A13
STU_1725,Farah_1725,Cherif,Female,18,Tunisian,3.85,3.41,3.11,3.81,3B82
STU_1726,Amel_1726,Cherif,Female,21,Tunisian,3.57,2.56,3.39,2.64,4SIM88
STU_1727,Hedi_1727,Abidi,Male,20,Tunisian,1.52,0.78,0.89,0.9,4INFINI28
STU_1728,Ali_1728,Jaziri,Male,19,Tunisian,3.64,3.9,3.83,4.05,5NIDS99
STU_1729,Moussa,Kone,Male,20,Malian,2.76,3.58,2.9,2.01,1A20
STU_1730,Nour_1730,Baccouche,Female,21,Tunisian,2.48,1.82,2.47,1.91,5SE44
STU_1731,Hiba_1731,Chebbi,Female,18,Tunisian,3.42,3.57,3.34,1.95,4BI83
STU_1732,Bechir_1732,Slimani,Male,19,Tunisian,3.41,3.0,3.26,3.01,2A49
STU_1733,Rania_1733,Cherif,Female,19,Tunisian,2.54,1.98,3.04,1.66,4SAE19
STU_1734,Tarek_1734,Toumi,Male,21,Tunisian,0.9,2.48,2.16,2.16,5SLEAM15
STU_1735,Salma_1735,Haddad,Female,20,Tunisian,1.6,3.01,1.83,2.71,5SIM65
STU_1736,Sofiene_1736,Khemiri,Male,22,Tunisian,1.14,0.4,0.77,1.51,5DS88
STU_1737,Sarra_1737,Saidi,Female,18,Tunisian,3.96,3.77,3.22,4.47,1A01
STU_1738,Khadija_1738,Bouazizi,Female,21,Tunisian,3.28,3.56,3.47,2.87,1A76
STU_1739,Mourad_1739,Saidi,Male,20,Tunisian,2.89,2.93,3.16,3.77,3A30
STU_1740,Emna_1740,Saidi,Female,19,Tunisian,2.66,3.51,2.45,3.61,3A30
STU_1741,Dorra_1741,Jebali,Female,19,Tunisian,2.39,3.02,2.73,2.4,5SE69
STU_1742,Emna_1742,Abidi,Female,19,Tunisian,4.58,3.54,4.22,3.71,4IOSYS52
STU_1743,Hend_1743,Mabrouk,Female,19,Tunisian,2.28,1.56,1.41,2.58,2A71
STU_1744,Lotfi_1744,Slimani,Male,20,Tunisian,2.3,2.05,1.73,3.99,3A41
STU_1745,Mohamed_1745,Mejri,Male,18,Tunisian,2.67,3.19,2.75,1.76,5NIDS71
STU_1746,Bechir_1746,Mejri,Male,19,Tunisian,2.03,2.29,2.05,3.62,5NIDS99
STU_1747,Tarek_1747,Jebali,Male,22,Tunisian,3.04,3.18,3.9,1.55,3B49
STU_1748,Amel_1748,Ben Ali,Female,21,Tunisian,3.8,3.99,3.61,4.5,5NIDS71
STU_1749,Emna_1749,Slimani,Female,20,Tunisian,2.54,3.32,2.56,2.96,4SIM88
STU_1750,Zied_1750,Ben Ali,Male,19,Tunisian,2.13,0.8,1.08,0.42,4IOSYS55
STU_1751,Awa,Dembele,Female,19,Malian,0.77,1.4,0.58,0.56,2P69
STU_1752,Oumaima_1752,Ghanouchi,Female,23,Tunisian,1.92,2.87,2.76,1.98,4DS15
STU_1753,Dorra_1753,Mabrouk,Female,18,Tunisian,2.99,3.31,2.45,2.71,4SE64
STU_1754,Hend_1754,Saidi,Female,20,Tunisian,1.1,0.26,0.46,0.0,4SIM66
STU_1755,Oumaima_1755,Khemiri,Female,18,Tunisian,2.13,2.23,2.18,2.5,2P14
STU_1756,Asma_1756,Ben Ali,Female,19,Tunisian,2.61,3.31,2.92,3.01,1A01
STU_1757,Bechir_1757,Toumi,Male,19,Tunisian,2.01,2.39,1.91,3.03,5SIM65
STU_1758,Khadija_1758,Abidi,Female,18,Tunisian,3.1,2.62,3.15,2.62,5SAE01
STU_1759,Nour_1759,Khemiri,Female,22,Tunisian,3.35,2.35,3.06,3.05,2A99
STU_1760,Aminata,Diop,Female,18,Senegalese,1.74,1.78,2.66,0.58,5BI77
STU_1761,Nathalie,Mballa,Female,19,Cameroonian,2.56,3.41,3.01,2.63,1A76
STU_1762,Nabil_1762,Ben Ali,Male,22,Tunisian,2.7,2.13,2.15,3.23,2P74
STU_1763,Hiba_1763,Abidi,Female,19,Tunisian,2.59,1.58,2.19,1.82,5ARCTIC81
STU_1764,Mohamed,Barry,Male,20,Guinean,4.0,1.87,3.22,3.79,4IOSYS55
STU_1765,Hedi_1765,Slimani,Male,20,Tunisian,1.99,2.13,1.84,1.94,1A04
STU_1766,Kadiatou,Coulibaly,Female,20,Malian,3.96,3.76,3.84,3.73,5SAE01
STU_1767,Mariem_1767,Saidi,Female,20,Tunisian,3.6,2.93,3.61,3.6,3A78
STU_1768,Hedi_1768,Mabrouk,Male,19,Tunisian,2.34,2.24,2.42,2.25,4SIM66
STU_1769,Iheb_1769,Toumi,Male,20,Tunisian,0.0,0.76,0.07,1.74,1A32
STU_1770,Karim_1770,Baccouche,Male,19,Tunisian,2.44,2.72,2.76,2.66,2A46
STU_1771,Skander_1771,Maaloul,Male,20,Tunisian,2.62,2.03,2.3,2.79,2P11
STU_1772,Siwar_1772,Ghanouchi,Female,17,Tunisian,2.27,2.37,1.79,1.92,2P78
STU_1773,Hend_1773,Ben Ali,Female,21,Tunisian,0.49,0.91,0.52,1.03,3B46
STU_1774,Farah_1774,Chebbi,Female,23,Tunisian,2.7,2.58,3.0,2.3,2A98
STU_1775,Mohamed_1775,Chebbi,Male,20,Tunisian,3.12,3.91,3.16,3.3,4NIDS18
STU_1776,Karim_1776,Maaloul,Male,18,Tunisian,3.03,1.96,2.46,2.48,2A13
STU_1777,Nabil_1777,Slimani,Male,21,Tunisian,4.54,4.06,3.79,2.72,3A78
STU_1778,Wassim_1778,Saidi,Male,23,Tunisian,2.04,1.9,2.15,1.29,1A12
STU_1779,Ibrahima,Barry,Male,19,Guinean,3.53,4.14,3.9,3.63,4INFINI28
STU_1780,Nour_1780,Mejri,Female,22,Tunisian,2.6,3.2,2.58,2.98,5SIM65
STU_1781,Kheira,Brahimi,Female,23,Algerian,1.17,1.33,1.12,0.83,5DS88
STU_1782,Amel_1782,Mabrouk,Female,18,Tunisian,2.29,2.56,2.71,2.49,1A90
STU_1783,Amina_1783,Haddad,Female,20,Tunisian,3.44,4.29,4.28,3.94,2A71
STU_1784,Omar_1784,Ghanouchi,Male,21,Tunisian,2.93,2.47,2.48,2.74,4ARCTIC50
STU_1785,Lina_1785,Mejri,Female,20,Tunisian,2.26,1.94,1.74,2.19,4ARCTIC28
STU_1786,Ghassen_1786,Chebbi,Male,22,Tunisian,0.55,0.81,0.6,1.51,5NIDS99
STU_1787,Fatma_1787,Bouazizi,Female,19,Tunisian,3.25,3.32,3.53,2.62,4DS15
STU_1788,Amina_1788,Maaloul,Female,20,Tunisian,4.17,3.64,3.54,3.21,3B82
STU_1789,Thierno,Diallo,Male,17,Guinean,2.58,3.6,3.4,3.19,2A91
STU_1790,Nour_1790,Mejri,Female,22,Tunisian,1.66,1.84,1.2,1.18,3A30
STU_1791,Bechir_1791,Slimani,Male,21,Tunisian,3.17,4.25,3.49,4.85,5BI77
STU_1792,Rim_1792,Ghanouchi,Female,19,Tunisian,2.11,1.72,2.47,1.86,1A76
STU_1793,Iheb_1793,Baccouche,Male,18,Tunisian,1.63,2.33,2.02,2.78,1A76
STU_1794,Yasmine_1794,Jebali,Female,21,Tunisian,1.34,2.98,1.67,1.75,2A98
STU_1795,Latifa,Alaoui,Female,19,Moroccan,2.68,3.63,2.67,3.9,4IOSYS55
STU_1796,Emna_1796,Toumi,Female,20,Tunisian,3.18,3.36,3.26,2.23,2A98
STU_1797,Emna_1797,Maaloul,Female,18,Tunisian,3.14,2.91,3.48,4.2,4SAE19
STU_1798,Youssef_1798,Khemiri,Male,18,Tunisian,2.58,1.93,2.22,2.01,3A41
STU_1799,Rami_1799,Mejri,Male,19,Tunisian,1.63,2.44,1.72,2.82,3B36
STU_1800,Fatma_1800,Mejri,Female,20,Tunisian,1.93,2.85,2.8,1.65,3A78
STU_1801,Ibrahima,Ndiaye,Male,21,Senegalese,0.0,1.55,0.7,1.96,1A32
STU_1802,Mehdi_1802,Ghanouchi,Male,20,Tunisian,0.94,2.2,1.62,1.44,5TWIN20
STU_1803,Said,Touati,Male,18,Algerian,3.06,2.9,2.71,2.8,3B36
STU_1804,Nabil_1804,Abidi,Male,22,Tunisian,2.45,3.16,3.42,3.71,1A05
STU_1805,Khadija_1805,Mabrouk,Female,22,Tunisian,1.3,1.26,1.34,1.53,3A69
STU_1806,Hiba_1806,Bouazizi,Female,20,Tunisian,2.71,3.28,2.94,3.13,3A78
STU_1807,Amina_1807,Chebbi,Female,18,Tunisian,2.52,2.53,2.56,2.83,3B35
STU_1808,Hend_1808,Cherif,Female,20,Tunisian,1.14,2.16,1.41,0.96,3B46
STU_1809,Lotfi_1809,Mabrouk,Male,19,Tunisian,3.25,3.18,2.89,2.27,1A87
STU_1810,Mouna_1810,Slimani,Female,23,Tunisian,4.41,4.77,4.75,3.75,4IOSYS52
STU_1811,Leila_1811,Chebbi,Female,22,Tunisian,1.85,2.14,2.34,1.61,3B21
STU_1812,Ines_1812,Mejri,Female,20,Tunisian,3.68,2.75,2.56,1.69,4SIM81
STU_1813,Rami_1813,Saidi,Male,22,Tunisian,0.26,0.0,0.28,0.0,4SIM66
STU_1814,Jeanne,Abanda,Female,20,Cameroonian,2.35,2.85,2.32,2.67,1A05
STU_1815,Imane,El Idrissi,Female,22,Moroccan,1.54,1.84,1.84,3.88,2A06
STU_1816,Fatma_1816,Bouazizi,Female,20,Tunisian,4.49,4.3,4.8,4.87,2A13
STU_1817,Dorra_1817,Bouazizi,Female,20,Tunisian,2.24,2.17,2.56,2.19,2A06
STU_1818,Omar_1818,Trabelsi,Male,21,Tunisian,1.56,1.05,1.71,2.49,1A29
STU_1819,Sofiene_1819,Bouazizi,Male,20,Tunisian,2.94,1.95,2.79,2.36,5GAMIX78
STU_1820,Samira_1820,Jaziri,Female,20,Tunisian,2.85,3.16,2.67,1.72,5TWIN20
STU_1821,Bechir_1821,Chebbi,Male,18,Tunisian,1.28,2.23,1.51,2.39,1A92
STU_1822,Dorra_1822,Slimani,Female,20,Tunisian,1.53,3.15,2.08,2.32,3A69
STU_1823,Mustapha,Bennani,Male,23,Moroccan,3.08,3.38,2.92,2.1,5SAE68
STU_1824,Leila_1824,Maaloul,Female,22,Tunisian,2.8,2.84,2.58,3.61,5SAE01
STU_1825,Mariem_1825,Jaziri,Female,21,Tunisian,2.25,2.82,2.56,2.54,4SIM81
STU_1826,Adel_1826,Jaziri,Male,20,Tunisian,1.33,2.83,2.03,2.57,5ARCTIC81
STU_1827,Amina_1827,Baccouche,Female,18,Tunisian,1.04,2.9,1.87,1.91,3B35
STU_1828,Siwar_1828,Saidi,Female,20,Tunisian,1.97,1.95,1.54,1.82,4IOSYS55
STU_1829,Chaima_1829,Jebali,Female,23,Tunisian,0.97,1.19,1.06,0.31,3A86
STU_1830,Khadija_1830,Chebbi,Female,21,Tunisian,1.04,1.17,1.08,2.31,2P69
STU_1831,Kadiatou,Toure,Female,20,Guinean,3.94,4.27,4.48,3.47,5SIM70
STU_1832,Amine_1832,Abidi,Male,20,Tunisian,1.77,2.18,1.52,2.51,2A91
STU_1833,Nour_1833,Khemiri,Female,21,Tunisian,3.4,3.38,2.52,2.14,3B49
STU_1834,Karim_1834,Cherif,Male,20,Tunisian,2.9,1.83,2.38,2.37,3A69
STU_1835,Mohamed_1835,Maaloul,Male,20,Tunisian,2.8,3.46,3.08,3.57,4SIM81
STU_1836,Yasmine_1836,Slimani,Female,24,Tunisian,2.84,2.63,3.28,2.52,1A05
STU_1837,Hiba_1837,Mejri,Female,22,Tunisian,3.27,2.98,3.33,2.61,1A72
STU_1838,Esther,Oumarou,Female,20,Cameroonian,3.04,2.41,3.05,3.68,1A90
STU_1839,Mourad_1839,Abidi,Male,17,Tunisian,3.05,2.22,2.34,2.38,5ARCTIC81
STU_1840,Sonia_1840,Ghanouchi,Female,20,Tunisian,4.91,3.45,4.5,2.51,5NIDS99
STU_1841,Samira_1841,Mabrouk,Female,21,Tunisian,2.25,1.8,2.03,0.23,4GAMIX69
STU_1842,Iheb_1842,Haddad,Male,17,Tunisian,3.37,3.68,3.47,3.19,1A90
STU_1843,Walid_1843,Mejri,Male,20,Tunisian,1.7,2.18,1.11,1.99,3A78
STU_1844,Ahmed_1844,Chebbi,Male,19,Tunisian,2.64,2.04,2.96,2.37,5SLEAM93
STU_1845,Manel_1845,Jaziri,Female,19,Tunisian,1.27,2.12,1.19,1.28,2P69
STU_1846,Dorra_1846,Trabelsi,Female,20,Tunisian,1.83,3.32,2.66,1.45,5TWIN20
STU_1847,Fatma_1847,Khemiri,Female,21,Tunisian,3.69,3.09,2.72,2.29,5ARCTIC81
STU_1848,Amina,Fassi,Female,24,Moroccan,2.87,3.58,2.83,3.08,3B46
STU_1849,Salem,Salem,Male,19,Libyan,1.44,1.0,0.73,1.84,2A71
STU_1850,Adel_1850,Mejri,Male,21,Tunisian,2.17,1.94,2.0,2.21,5SLEAM15
STU_1851,Konan,Ouattara,Male,22,Ivorian,3.18,3.66,3.64,2.87,3B82
STU_1852,Asma_1852,Chebbi,Female,18,Tunisian,3.25,2.99,3.16,1.39,4IOSYS92
STU_1853,Oumaima_1853,Ben Ali,Female,22,Tunisian,3.74,4.13,3.52,4.11,1A92
STU_1854,Omar_1854,Ben Ali,Male,20,Tunisian,2.58,2.72,2.04,3.3,3A41
STU_1855,Dorra_1855,Bouazizi,Female,17,Tunisian,2.89,3.35,3.08,1.95,4ARCTIC50
STU_1856,Iheb_1856,Mejri,Male,22,Tunisian,2.66,3.0,3.05,3.74,1A29
STU_1857,Nizar_1857,Cherif,Male,18,Tunisian,3.48,2.41,3.17,2.95,5GAMIX78
STU_1858,Amina_1858,Bouazizi,Female,22,Tunisian,1.62,2.62,1.46,1.28,2A06
STU_1859,Youssef_1859,Toumi,Male,21,Tunisian,3.69,3.44,3.79,2.04,1A12
STU_1860,Nabil_1860,Bouazizi,Male,22,Tunisian,3.14,2.21,2.26,2.02,4NIDS96
STU_1861,Rami_1861,Saidi,Male,20,Tunisian,2.87,1.92,1.19,3.06,2P74
STU_1862,Amina,Benjelloun,Female,29,Moroccan,1.7,3.19,2.79,2.51,4ARCTIC50
STU_1863,Hatem_1863,Chebbi,Male,20,Tunisian,1.63,0.13,0.51,2.06,5NIDS65
STU_1864,Rim_1864,Maaloul,Female,21,Tunisian,3.24,2.25,2.81,2.9,5ARCTIC38
STU_1865,Sonia_1865,Maaloul,Female,22,Tunisian,4.29,4.81,5.0,5.0,5NIDS65
STU_1866,Omar_1866,Abidi,Male,34,Tunisian,3.26,3.56,3.52,4.32,1A32
STU_1867,Siwar_1867,Bouazizi,Female,21,Tunisian,2.98,3.04,3.51,2.25,5ARCTIC38
STU_1868,Ali_1868,Mabrouk,Male,18,Tunisian,2.82,2.7,3.04,2.87,2A91
STU_1869,Youssef,Tazi,Male,19,Moroccan,1.89,1.86,1.66,2.18,2A06
STU_1870,Skander_1870,Bouazizi,Male,19,Tunisian,4.17,3.73,3.86,2.73,5ARCTIC81
STU_1871,Youssef_1871,Haddad,Male,19,Tunisian,2.4,1.88,2.05,2.22,4SIM66
STU_1872,Karim_1872,Baccouche,Male,21,Tunisian,2.28,2.07,2.4,2.04,5BI21
STU_1873,Marie,Njoya,Female,20,Cameroonian,3.2,2.31,3.21,2.16,1A76
STU_1874,Dorra_1874,Toumi,Female,21,Tunisian,2.49,3.44,2.33,2.18,2A13
STU_1875,Sami_1875,Mejri,Male,19,Tunisian,2.13,3.15,2.92,2.69,1A32
STU_1876,Hiba_1876,Saidi,Female,23,Tunisian,1.92,1.84,2.34,1.58,2A99
STU_1877,Bechir_1877,Jaziri,Male,22,Tunisian,2.83,3.49,3.12,1.41,2P81
STU_1878,Wassim_1878,Abidi,Male,19,Tunisian,1.45,1.51,1.09,1.21,1A72
STU_1879,Chaima_1879,Trabelsi,Female,19,Tunisian,2.33,1.76,2.7,1.82,4DS15
STU_1880,Omar_1880,Mejri,Male,21,Tunisian,2.39,0.94,1.42,1.63,2A99
STU_1881,Manel_1881,Maaloul,Female,21,Tunisian,2.36,2.7,2.83,4.03,2P74
STU_1882,Anis_1882,Ben Ali,Male,20,Tunisian,2.72,2.84,2.96,3.07,5ARCTIC38
STU_1883,Omar_1883,Mejri,Male,18,Tunisian,2.99,2.85,2.95,3.27,5TWIN20
STU_1884,Lotfi_1884,Jaziri,Male,22,Tunisian,2.02,1.42,1.59,2.54,1A30
STU_1885,Omar_1885,Trabelsi,Male,21,Tunisian,2.98,2.94,2.36,2.24,4SIM88
STU_1886,Zied_1886,Trabelsi,Male,18,Tunisian,3.59,2.88,2.71,2.57,3B49
STU_1887,Rania_1887,Maaloul,Female,19,Tunisian,2.24,3.44,2.72,3.1,3B82
STU_1888,Nour_1888,Abidi,Female,18,Tunisian,3.59,1.15,2.46,2.63,4IOSYS92
STU_1889,Houria,Rahmani,Female,19,Algerian,2.36,1.82,2.25,2.31,5NIDS82
STU_1890,Yasmine_1890,Haddad,Female,21,Tunisian,1.56,1.47,1.61,1.75,1A20
STU_1891,Amina_1891,Haddad,Female,20,Tunisian,2.31,1.72,2.37,1.59,2P06
STU_1892,Iheb_1892,Bouazizi,Male,20,Tunisian,4.05,3.32,3.47,3.48,3A69
STU_1893,Amina_1893,Mabrouk,Female,21,Tunisian,1.98,2.11,2.16,2.53,2P78
STU_1894,Oumaima_1894,Trabelsi,Female,19,Tunisian,3.14,3.17,2.3,1.94,4INFINI28
STU_1895,Leila_1895,Khemiri,Female,21,Tunisian,3.09,3.37,2.9,2.16,3A86
STU_1896,Hend_1896,Khemiri,Female,19,Tunisian,2.04,1.91,2.02,1.77,2A13
STU_1897,Awa,Diallo,Female,20,Ivorian,2.45,2.32,3.11,2.2,3A88
STU_1898,Ahmed_1898,Toumi,Male,20,Tunisian,2.79,2.96,3.0,4.2,2A13
STU_1899,Emna_1899,Saidi,Female,21,Tunisian,2.22,3.22,3.08,2.65,3A88
STU_1900,Nabil_1900,Baccouche,Male,20,Tunisian,1.19,1.52,1.42,0.5,4TWIN96
STU_1901,Rim_1901,Slimani,Female,21,Tunisian,3.01,2.56,2.2,2.0,2A98
STU_1902,Rami_1902,Jaziri,Male,19,Tunisian,1.23,2.62,2.15,3.35,5NIDS65
STU_1903,Meriem_1903,Chebbi,Female,17,Tunisian,1.51,1.77,1.17,1.45,4SAE19
STU_1904,Djillali,Saidi,Male,20,Algerian,2.29,3.26,2.75,3.16,5BI77
STU_1905,Amel_1905,Jaziri,Female,21,Tunisian,2.07,2.29,2.25,3.06,4IOSYS55
STU_1906,Salma_1906,Mabrouk,Female,20,Tunisian,2.93,2.43,1.74,2.53,5SE44
STU_1907,Mouna_1907,Haddad,Female,18,Tunisian,3.26,3.61,3.62,2.9,3B99
STU_1908,Amel_1908,Jebali,Female,22,Tunisian,2.25,2.5,2.73,3.78,4SAE12
STU_1909,Sofiene_1909,Jebali,Male,20,Tunisian,2.44,1.51,1.82,2.54,1A90
STU_1910,Ali_1910,Mabrouk,Male,20,Tunisian,2.8,2.34,2.26,3.18,1A29
STU_1911,Wassim_1911,Baccouche,Male,22,Tunisian,3.32,1.3,2.04,2.26,4IOSYS92
STU_1912,Mehdi_1912,Bouazizi,Male,28,Tunisian,2.24,2.29,2.44,1.07,3A41
STU_1913,Nadia_1913,Jaziri,Female,19,Tunisian,2.72,3.73,3.09,4.1,2A91
STU_1914,Asma_1914,Ghanouchi,Female,21,Tunisian,4.01,3.61,3.81,2.68,2P81
STU_1915,Sarra_1915,Trabelsi,Female,22,Tunisian,2.98,2.87,2.52,3.45,1A18
STU_1916,Mehdi_1916,Bouazizi,Male,21,Tunisian,4.13,2.84,3.18,3.77,3B90
STU_1917,Fatoumata,Camara,Female,17,Guinean,2.53,3.24,2.45,3.46,1A87
STU_1918,Zied_1918,Maaloul,Male,20,Tunisian,2.47,2.55,2.33,3.56,3B21
STU_1919,Skander_1919,Saidi,Male,23,Tunisian,1.8,2.29,2.09,2.11,1A18
STU_1920,Ibrahim,Diallo,Male,21,Ivorian,0.99,0.99,0.98,1.98,3B99
STU_1921,Hiba_1921,Bouazizi,Female,21,Tunisian,3.98,4.37,4.98,3.17,1A32
STU_1922,Emna_1922,Jebali,Female,20,Tunisian,1.92,2.12,1.94,2.42,3A21
STU_1923,Hatem_1923,Mejri,Male,18,Tunisian,1.94,2.0,1.13,2.07,2A98
STU_1924,Farah_1924,Mabrouk,Female,19,Tunisian,0.89,1.51,0.63,1.34,3A86
STU_1925,Ibrahim,Konan,Male,22,Ivorian,2.89,2.35,1.83,2.98,2P74
STU_1926,Emna_1926,Ghanouchi,Female,18,Tunisian,3.87,3.21,3.06,3.87,1A04
STU_1927,Rami_1927,Mejri,Male,18,Tunisian,1.48,2.02,2.27,2.55,4SE64
STU_1928,Nadia_1928,Saidi,Female,19,Tunisian,2.65,3.28,3.25,1.59,5TWIN20
STU_1929,Nadia_1929,Maaloul,Female,24,Tunisian,0.63,1.44,1.04,1.25,4SIM88
STU_1930,Andre,Mballa,Male,20,Cameroonian,2.39,2.01,2.45,2.28,1A12
STU_1931,Sonia_1931,Maaloul,Female,21,Tunisian,2.66,2.97,2.69,2.24,2A99
STU_1932,Mariem_1932,Chebbi,Female,17,Tunisian,3.81,3.85,3.78,3.32,1A05
STU_1933,Walid_1933,Baccouche,Male,21,Tunisian,3.47,3.27,3.48,3.0,2P06
STU_1934,Nour_1934,Ghanouchi,Female,19,Tunisian,2.69,2.32,2.17,2.75,4GAMIX69
STU_1935,Mariam,Coulibaly,Female,23,Ivorian,2.33,2.62,2.33,2.8,5INFINI98
STU_1936,Leila_1936,Cherif,Female,19,Tunisian,2.89,2.61,2.43,3.38,5INFINI98
STU_1937,Hatem_1937,Ghanouchi,Male,20,Tunisian,0.0,0.39,0.67,0.0,3B21
STU_1938,Nabil_1938,Trabelsi,Male,21,Tunisian,4.0,4.08,4.67,3.61,4IOSYS52
STU_1939,Ali_1939,Ghanouchi,Male,19,Tunisian,2.99,2.51,2.31,2.0,2A91
STU_1940,Bechir_1940,Chebbi,Male,21,Tunisian,2.68,2.54,2.79,2.13,1A20
STU_1941,Mariem_1941,Bouazizi,Female,21,Tunisian,3.11,2.64,2.95,3.46,2P69
STU_1942,Siwar_1942,Baccouche,Female,20,Tunisian,3.27,2.55,3.74,2.39,3A41
STU_1943,Sofiene_1943,Jebali,Male,20,Tunisian,3.02,3.02,2.15,2.59,4INFINI28
STU_1944,Mariam,Keita,Female,21,Malian,3.31,2.92,2.77,2.35,4SIM66
STU_1945,Ismail_1945,Haddad,Male,20,Tunisian,1.65,1.88,1.63,2.65,1A30
STU_1946,Zohra,Rahmani,Female,21,Algerian,1.89,2.74,2.09,1.97,4ARCTIC28
STU_1947,Karim,Alaoui,Male,20,Moroccan,2.21,2.54,2.53,1.49,2A06
STU_1948,Nadia_1948,Abidi,Female,21,Tunisian,1.89,2.51,2.4,1.15,5ARCTIC81
STU_1949,Hiba_1949,Baccouche,Female,18,Tunisian,2.39,2.56,2.57,3.01,3A21
STU_1950,Ahmed_1950,Toumi,Male,19,Tunisian,0.91,0.92,0.14,0.29,5SAE01
STU_1951,Asma_1951,Maaloul,Female,23,Tunisian,2.44,2.11,1.45,2.84,1A29
STU_1952,Hend_1952,Toumi,Female,21,Tunisian,3.23,2.96,2.03,3.43,3A86
STU_1953,Iheb_1953,Toumi,Male,22,Tunisian,3.74,2.85,3.6,2.8,5BI77
STU_1954,Nour_1954,Trabelsi,Female,20,Tunisian,3.77,3.31,3.25,3.75,1A90
STU_1955,Sarra_1955,Jebali,Female,19,Tunisian,2.69,4.41,3.88,3.57,3B82
STU_1956,Ghassen_1956,Ben Ali,Male,21,Tunisian,2.08,2.9,3.17,3.75,1A01
STU_1957,Leila_1957,Jebali,Female,18,Tunisian,3.39,2.59,2.65,1.95,1A44
STU_1958,Foued_1958,Trabelsi,Male,20,Tunisian,1.28,0.86,1.7,1.44,5SIM70
STU_1959,Lina_1959,Jaziri,Female,19,Tunisian,3.41,2.23,2.73,1.86,5DS88
STU_1960,Mariem_1960,Ben Ali,Female,22,Tunisian,1.86,2.54,2.06,2.21,2A98
STU_1961,Samira_1961,Ghanouchi,Female,19,Tunisian,1.96,2.52,2.5,0.9,2P74
STU_1962,Hiba_1962,Cherif,Female,20,Tunisian,2.04,2.8,2.58,1.34,2P69
STU_1963,Mouna_1963,Jebali,Female,19,Tunisian,2.13,2.03,2.26,2.85,3B90
STU_1964,Mariem_1964,Mabrouk,Female,20,Tunisian,3.14,3.25,2.91,3.75,5SE69
STU_1965,Hatem_1965,Cherif,Male,21,Tunisian,0.94,0.53,0.8,1.26,3B82
STU_1966,Wided_1966,Toumi,Female,20,Tunisian,2.76,2.45,2.54,1.71,5DS88
STU_1967,Yasmine_1967,Mejri,Female,21,Tunisian,1.58,2.02,1.97,1.36,3B49
STU_1968,Nadia_1968,Haddad,Female,19,Tunisian,1.99,3.02,2.25,1.41,3A21
STU_1969,Meriem_1969,Cherif,Female,23,Tunisian,1.68,2.4,1.97,2.65,4BI83
STU_1970,Akissi,Kouame,Female,20,Ivorian,3.54,2.9,3.32,2.12,5DS88
STU_1971,Mahamadou,Coulibaly,Male,21,Malian,2.44,2.05,2.03,2.28,1A87
STU_1972,Amar,Touati,Male,19,Algerian,3.53,2.33,3.04,4.01,1A18
STU_1973,Walid_1973,Haddad,Male,19,Tunisian,3.29,1.42,2.0,1.9,1A01
STU_1974,Sami_1974,Abidi,Male,22,Tunisian,2.09,2.28,2.17,2.74,2A71
STU_1975,Bakary,Kone,Male,19,Malian,2.93,1.93,2.81,2.48,1A29
STU_1976,Amine_1976,Mabrouk,Male,20,Tunisian,1.92,1.39,1.49,0.9,2P81
STU_1977,Wassim_1977,Ghanouchi,Male,18,Tunisian,1.26,2.56,2.35,2.41,4SAE12
STU_1978,Rania_1978,Trabelsi,Female,22,Tunisian,1.27,1.53,1.36,1.43,2P69
STU_1979,Skander_1979,Baccouche,Male,19,Tunisian,3.01,2.68,2.69,2.99,4INFINI29
STU_1980,Yasmine_1980,Trabelsi,Female,19,Tunisian,2.06,2.93,2.52,3.09,4SIM81
STU_1981,Siwar_1981,Ben Ali,Female,20,Tunisian,2.45,2.8,3.55,2.87,1A29
STU_1982,Kouassi,Diallo,Male,22,Ivorian,3.65,3.12,2.99,3.0,3A88
STU_1983,Walid_1983,Baccouche,Male,18,Tunisian,1.64,1.77,2.34,3.19,1A30
STU_1984,Lina_1984,Haddad,Female,18,Tunisian,3.47,4.6,4.12,2.87,4NIDS18
STU_1985,Marie,Oumarou,Female,20,Cameroonian,4.69,3.23,3.84,1.82,4ARCTIC28
STU_1986,Bechir_1986,Maaloul,Male,19,Tunisian,1.66,2.74,2.25,3.07,4SE64
STU_1987,Hatem_1987,Slimani,Male,18,Tunisian,3.2,3.56,3.99,3.59,4SAE19
STU_1988,Ines_1988,Ghanouchi,Female,21,Tunisian,2.76,2.4,2.43,2.84,2A06
STU_1989,Chaima_1989,Maaloul,Female,18,Tunisian,3.53,3.74,3.59,2.52,5GAMIX78
STU_1990,Fatma_1990,Ghanouchi,Female,19,Tunisian,2.24,1.83,2.43,2.15,5DS88
STU_1991,Wassim_1991,Khemiri,Male,20,Tunisian,1.61,2.97,1.58,2.14,4IOSYS92
STU_1992,Adel_1992,Slimani,Male,19,Tunisian,3.5,2.99,3.27,3.24,4GAMIX69
STU_1993,Amadou,Fall,Male,20,Senegalese,2.73,2.09,2.55,1.09,4NIDS96
STU_1994,Mamadou,Diop,Male,21,Senegalese,2.73,3.03,2.62,2.92,4BI77
STU_1995,Nadia_1995,Ghanouchi,Female,22,Tunisian,2.82,2.38,2.03,2.31,1A44
STU_1996,Adel_1996,Abidi,Male,20,Tunisian,2.25,3.51,3.22,2.68,1A01
STU_1997,Hedi_1997,Slimani,Male,21,Tunisian,2.18,1.66,1.83,1.91,4SIM88
STU_1998,Nizar_1998,Maaloul,Male,18,Tunisian,2.72,2.5,2.89,2.93,4SIM81
STU_1999,Khadija_1999,Ghanouchi,Female,21,Tunisian,2.75,3.45,3.47,3.25,4SAE19
STU_2000,Jamal,Haddad,Male,24,Moroccan,3.49,2.33,3.08,3.72,1A76
STU_2001,Adel_2001,Jebali,Male,20,Tunisian,3.95,3.17,3.6,3.0,5SLEAM93
STU_2002,Ghassen_2002,Bouazizi,Male,22,Tunisian,2.79,2.73,2.7,3.15,5NIDS99
STU_2003,Ghassen_2003,Baccouche,Male,21,Tunisian,2.81,3.53,2.62,3.66,2A49
STU_2004,Youssef_2004,Slimani,Male,18,Tunisian,2.81,3.53,2.39,2.88,4ARCTIC28
STU_2005,Mouna_2005,Baccouche,Female,18,Tunisian,3.16,2.55,2.37,3.72,4INFINI29
STU_2006,Nizar_2006,Baccouche,Male,20,Tunisian,2.97,2.61,2.83,3.17,2P78
STU_2007,Nabil_2007,Slimani,Male,22,Tunisian,1.79,1.88,2.11,2.55,4SIM66
STU_2008,Amel_2008,Slimani,Female,20,Tunisian,0.31,0.1,0.0,1.15,3A41
STU_2009,Youssef,Benjelloun,Male,17,Moroccan,1.69,2.97,2.46,2.33,5SLEAM15
STU_2010,Nour_2010,Saidi,Female,19,Tunisian,2.67,3.81,3.06,2.14,5NIDS99
STU_2011,Hedi_2011,Chebbi,Male,23,Tunisian,2.27,3.59,3.12,2.57,2P74
STU_2012,Skander_2012,Ben Ali,Male,23,Tunisian,1.95,2.46,3.18,3.04,1A05
STU_2013,Salma_2013,Mejri,Female,22,Tunisian,1.55,2.13,2.09,2.29,1A92
STU_2014,Meriem_2014,Mabrouk,Female,18,Tunisian,3.02,2.58,2.53,3.3,4BI83
STU_2015,Sami_2015,Baccouche,Male,19,Tunisian,2.28,3.92,3.44,3.76,5NIDS99
STU_2016,Fatma_2016,Ben Ali,Female,20,Tunisian,1.49,1.97,1.93,2.68,5ARCTIC38
STU_2017,Mourad_2017,Ghanouchi,Male,18,Tunisian,3.54,3.72,3.76,4.57,3B35
STU_2018,Skander_2018,Abidi,Male,18,Tunisian,1.66,1.62,1.61,1.93,5SE69
STU_2019,Mouna_2019,Toumi,Female,19,Tunisian,1.1,1.62,1.7,2.3,1A29
STU_2020,Rim_2020,Jaziri,Female,18,Tunisian,1.63,2.39,1.6,1.77,2A46
STU_2021,Sarra_2021,Toumi,Female,18,Tunisian,1.92,2.44,2.5,1.68,2P74
STU_2022,Amina_2022,Slimani,Female,18,Tunisian,3.41,2.37,3.01,2.74,3B21
STU_2023,Anis_2023,Cherif,Male,19,Tunisian,2.79,2.6,2.42,3.54,2A71
STU_2024,Ali,Messaoudi,Male,20,Algerian,1.93,1.88,2.43,2.87,4SAE12
STU_2025,Zied_2025,Mejri,Male,17,Tunisian,1.98,1.72,1.99,2.69,2A49
STU_2026,Said,Alaoui,Male,21,Moroccan,2.23,2.41,2.52,2.7,3B82
STU_2027,Akissi,Kouassi,Female,20,Ivorian,2.22,3.06,2.64,3.75,5NIDS99
STU_2028,Sarra_2028,Jebali,Female,20,Tunisian,0.42,2.39,1.62,3.05,2A91
STU_2029,Salma_2029,Cherif,Female,19,Tunisian,4.75,4.79,4.81,3.64,3B99
STU_2030,Foued_2030,Mejri,Male,20,Tunisian,2.06,2.08,2.27,2.38,2P14
STU_2031,Dorra_2031,Trabelsi,Female,18,Tunisian,1.35,1.82,2.32,1.56,1A44
STU_2032,Fares_2032,Mabrouk,Male,20,Tunisian,2.82,2.51,2.32,2.53,5ARCTIC81
STU_2033,Amina_2033,Jebali,Female,20,Tunisian,2.53,2.48,2.93,2.44,3B82
STU_2034,Salma_2034,Ben Ali,Female,21,Tunisian,2.37,2.68,3.22,2.07,1A30
STU_2035,Rami_2035,Jebali,Male,21,Tunisian,2.25,2.22,2.52,2.14,1A90
STU_2036,Ali_2036,Chebbi,Male,18,Tunisian,2.24,2.72,1.81,3.12,3B21
STU_2037,Oumaima_2037,Chebbi,Female,20,Tunisian,2.18,1.96,2.32,2.66,5NIDS99
STU_2038,Ali_2038,Slimani,Male,21,Tunisian,1.3,1.66,1.4,1.26,4IOSYS52
STU_2039,Pierre,Oumarou,Male,19,Cameroonian,4.82,4.02,4.21,4.04,1A18
STU_2040,Rania_2040,Slimani,Female,21,Tunisian,3.14,3.0,2.85,1.67,3B21
STU_2041,Youssef_2041,Slimani,Male,22,Tunisian,3.1,1.98,2.22,3.38,5ARCTIC81
STU_2042,Hatem_2042,Baccouche,Male,20,Tunisian,3.25,2.58,2.56,2.66,1A32
STU_2043,Rami_2043,Cherif,Male,18,Tunisian,2.0,2.69,1.82,4.41,5BI77
STU_2044,Ahmed_2044,Saidi,Male,20,Tunisian,3.37,3.31,3.05,2.35,4BI77
STU_2045,Sofiene_2045,Maaloul,Male,20,Tunisian,2.23,1.11,2.08,1.1,1A20
STU_2046,Kheira,Mansouri,Female,21,Algerian,2.0,2.32,1.88,1.16,5SE44
STU_2047,Aliou,Ndiaye,Male,19,Senegalese,2.7,1.63,2.6,2.13,3B35
STU_2048,Amna,Hassan,Female,17,Libyan,0.98,1.93,1.9,2.29,4NIDS18
STU_2049,Ibrahim,Ali,Male,18,Libyan,2.59,1.96,2.51,3.38,4TWIN96
STU_2050,Mariem_2050,Mejri,Female,19,Tunisian,1.9,2.31,2.32,1.36,1A30
STU_2051,Rami_2051,Chebbi,Male,18,Tunisian,2.51,2.32,2.09,2.13,4NIDS96
STU_2052,Skander_2052,Chebbi,Male,21,Tunisian,3.74,3.11,3.78,3.19,2P06
STU_2053,Meriem_2053,Maaloul,Female,21,Tunisian,3.19,2.76,3.1,2.37,3B82
STU_2054,Rania_2054,Jebali,Female,18,Tunisian,2.15,2.12,2.44,1.27,3A88
STU_2055,Karim_2055,Chebbi,Male,21,Tunisian,2.57,2.83,3.4,3.1,2P81
STU_2056,Oumaima_2056,Mejri,Female,23,Tunisian,1.98,1.74,1.83,2.04,4INFINI29
STU_2057,Mehdi_2057,Saidi,Male,20,Tunisian,2.33,1.87,2.12,2.11,4SIM66
STU_2058,Foued_2058,Bouazizi,Male,18,Tunisian,3.07,1.82,3.03,2.57,2A91
STU_2059,Karim_2059,Ben Ali,Male,19,Tunisian,2.72,2.36,2.69,3.5,4DS15
STU_2060,Rachid,El Idrissi,Male,20,Moroccan,2.58,2.56,2.32,2.51,5SLEAM93
STU_2061,Bechir_2061,Abidi,Male,20,Tunisian,1.13,1.91,1.36,1.82,1A12
STU_2062,Mourad_2062,Maaloul,Male,19,Tunisian,2.47,2.16,1.85,1.75,4SIM88
STU_2063,Mourad_2063,Abidi,Male,19,Tunisian,2.09,3.61,2.98,2.26,2A91
STU_2064,Hedi_2064,Slimani,Male,19,Tunisian,2.4,3.13,3.11,2.55,5NIDS65
STU_2065,Didier,Bouba,Male,20,Cameroonian,1.62,1.03,1.14,0.29,4SAE19
STU_2066,Hassan,Tazi,Male,20,Moroccan,2.42,2.66,2.21,3.77,5SLEAM93
STU_2067,Sami_2067,Mejri,Male,18,Tunisian,1.87,1.62,2.63,2.07,5DS88
STU_2068,Mariem_2068,Ghanouchi,Female,18,Tunisian,2.56,3.23,2.79,3.0,4IOSYS52
STU_2069,Oumaima_2069,Trabelsi,Female,19,Tunisian,1.57,2.66,2.37,1.68,5BI77
STU_2070,Skander_2070,Bouazizi,Male,21,Tunisian,4.47,3.89,4.24,5.0,5INFINI98
STU_2071,Amadou,Sow,Male,21,Guinean,1.93,1.61,1.43,1.58,5INFINI98
STU_2072,Iheb_2072,Haddad,Male,20,Tunisian,2.36,1.34,2.37,2.48,4BI77
STU_2073,Mouna_2073,Toumi,Female,20,Tunisian,1.31,1.71,1.8,0.25,4DS15
STU_2074,Salma_2074,Baccouche,Female,22,Tunisian,0.61,0.94,0.82,0.21,2P11
STU_2075,Mamadou,Fall,Male,18,Senegalese,1.56,0.88,1.66,0.79,3A86
STU_2076,Nizar_2076,Ghanouchi,Male,20,Tunisian,1.59,1.7,1.87,2.08,4SAE19
STU_2077,Hedi_2077,Cherif,Male,21,Tunisian,1.04,1.72,1.67,2.53,4SAE12
STU_2078,Meriem_2078,Abidi,Female,18,Tunisian,2.54,1.26,2.0,1.42,1A05
STU_2079,Bakary,Diallo,Male,21,Malian,2.03,3.28,2.34,2.64,5BI21
STU_2080,Karim_2080,Maaloul,Male,21,Tunisian,2.67,2.04,2.64,2.68,5SAE01
STU_2081,Nadia_2081,Maaloul,Female,19,Tunisian,0.29,1.56,0.85,1.54,4SIM81
STU_2082,Skander_2082,Toumi,Male,21,Tunisian,1.58,2.51,2.66,3.48,5SAE01
STU_2083,Rami_2083,Slimani,Male,18,Tunisian,2.41,2.0,2.04,3.6,4NIDS96
STU_2084,Mohamed_2084,Jaziri,Male,20,Tunisian,2.79,2.39,2.28,2.25,5NIDS99
STU_2085,Siwar_2085,Ben Ali,Female,19,Tunisian,1.82,2.57,1.79,3.19,1A87
STU_2086,Nadia_2086,Baccouche,Female,18,Tunisian,2.2,3.2,2.82,3.8,1A18
STU_2087,Adel_2087,Khemiri,Male,20,Tunisian,2.68,2.43,3.06,2.7,4ARCTIC28
STU_2088,Ghassen_2088,Trabelsi,Male,20,Tunisian,2.31,4.24,3.55,3.05,4IOSYS92
STU_2089,Hend_2089,Haddad,Female,18,Tunisian,3.21,3.91,4.12,3.64,3A41
STU_2090,Salma_2090,Mabrouk,Female,22,Tunisian,2.58,3.56,3.19,4.27,4INFINI29
STU_2091,Hiba_2091,Toumi,Female,19,Tunisian,2.93,3.01,3.04,3.23,5NIDS71
STU_2092,Youssef_2092,Maaloul,Male,21,Tunisian,2.94,3.19,3.79,3.22,2P14
STU_2093,Mariem_2093,Chebbi,Female,21,Tunisian,3.14,3.41,3.18,1.99,4INFINI29
STU_2094,Youssef,Alaoui,Male,21,Moroccan,2.37,2.24,1.7,3.25,4NIDS18
STU_2095,Salah,Haddad,Male,19,Algerian,2.96,1.87,2.79,2.49,3B35
STU_2096,Ines_2096,Mejri,Female,23,Tunisian,3.04,3.02,3.2,2.87,5ARCTIC38
STU_2097,Karim_2097,Khemiri,Male,22,Tunisian,3.0,2.88,2.5,2.26,3B90
STU_2098,Abdoulaye,Diop,Male,20,Senegalese,2.22,1.94,1.18,3.39,5SE44
STU_2099,Walid_2099,Khemiri,Male,22,Tunisian,1.36,1.5,0.83,1.29,3B90
STU_2100,Bechir_2100,Haddad,Male,19,Tunisian,3.11,3.33,2.9,3.54,5SIM65
STU_2101,Meriem_2101,Maaloul,Female,19,Tunisian,0.0,0.92,0.66,1.63,4SE64
STU_2102,Siwar_2102,Abidi,Female,19,Tunisian,2.4,1.54,2.26,3.62,4ARCTIC28
STU_2103,Iheb_2103,Toumi,Male,19,Tunisian,1.0,0.62,0.67,0.92,2A49
STU_2104,Fatima,Bennani,Female,21,Moroccan,2.16,1.91,1.91,2.33,5GAMIX78
STU_2105,Mehdi_2105,Jaziri,Male,19,Tunisian,1.81,1.44,2.15,1.55,1A18
STU_2106,Rania_2106,Cherif,Female,19,Tunisian,3.4,3.02,3.43,3.19,3A78
STU_2107,Alpha,Conde,Male,19,Guinean,2.33,1.57,1.75,3.08,1A92
STU_2108,Solange,Oumarou,Female,20,Cameroonian,3.16,2.21,2.9,1.91,5SIM70
STU_2109,Skander_2109,Maaloul,Male,20,Tunisian,2.97,3.7,3.72,3.51,4BI77
STU_2110,Skander_2110,Maaloul,Male,18,Tunisian,3.45,2.18,2.78,2.61,5SE44
STU_2111,Foued_2111,Slimani,Male,19,Tunisian,1.23,0.34,0.86,1.31,5SLEAM93
STU_2112,Sami_2112,Haddad,Male,18,Tunisian,2.4,2.71,2.03,2.09,1A18
STU_2113,Karim_2113,Chebbi,Male,19,Tunisian,3.95,4.37,3.54,4.96,2P81
STU_2114,Nour_2114,Baccouche,Female,20,Tunisian,3.81,3.75,3.73,1.61,2A06
STU_2115,Sarra_2115,Bouazizi,Female,22,Tunisian,4.37,4.59,4.85,3.88,5SLEAM15
STU_2116,Amina_2116,Maaloul,Female,18,Tunisian,2.72,2.27,3.0,2.92,5BI77
STU_2117,Asma_2117,Slimani,Female,22,Tunisian,1.62,2.42,2.73,0.62,2A06
STU_2118,Ahmed_2118,Baccouche,Male,19,Tunisian,3.26,2.65,3.73,1.61,5ARCTIC81
STU_2119,Zied_2119,Haddad,Male,23,Tunisian,2.28,1.88,2.17,2.75,4IOSYS52
STU_2120,Iheb_2120,Jebali,Male,18,Tunisian,3.85,3.53,4.08,3.07,3A86
STU_2121,Moussa,Diarra,Male,18,Malian,3.83,3.91,3.61,3.11,2A49
STU_2122,Ghassen_2122,Trabelsi,Male,35,Tunisian,3.16,2.02,2.9,1.51,5SE69
STU_2123,Ines_2123,Maaloul,Female,21,Tunisian,1.17,2.0,1.8,2.39,5SLEAM15
STU_2124,Rim_2124,Maaloul,Female,21,Tunisian,4.93,5.0,4.64,3.75,3A41
STU_2125,Fatoumata,Bah,Female,20,Guinean,1.62,2.07,2.01,2.46,2P69
STU_2126,Sonia_2126,Ben Ali,Female,20,Tunisian,1.28,1.97,1.3,0.74,4TWIN96
STU_2127,Fatoumata,Traore,Female,22,Ivorian,2.73,3.6,3.13,2.47,4SE64
STU_2128,Chaima_2128,Mabrouk,Female,20,Tunisian,3.52,3.02,2.89,2.39,4SIM66
STU_2129,Asma_2129,Cherif,Female,21,Tunisian,2.26,2.22,2.5,2.89,4SAE12
STU_2130,Amar,Brahimi,Male,17,Algerian,3.75,4.19,3.79,2.85,5INFINI98
STU_2131,Ali_2131,Abidi,Male,21,Tunisian,2.21,1.68,1.7,2.26,2P14
STU_2132,Youssef_2132,Haddad,Male,21,Tunisian,1.56,2.72,1.97,2.7,2P74
STU_2133,Youssef_2133,Jebali,Male,21,Tunisian,2.72,2.63,1.88,2.29,2A46
STU_2134,Ndeye,Ba,Female,19,Senegalese,2.98,2.16,3.07,2.06,4SE64
STU_2135,Emna_2135,Mejri,Female,22,Tunisian,3.81,3.39,3.29,3.27,4BI83
STU_2136,Salma_2136,Jaziri,Female,19,Tunisian,2.52,2.51,1.57,2.64,5SE44
STU_2137,Bechir_2137,Bouazizi,Male,22,Tunisian,1.33,2.15,1.46,2.6,1A76
STU_2138,Nizar_2138,Mabrouk,Male,20,Tunisian,2.01,1.58,1.62,1.07,5SIM65
STU_2139,Mohamed_2139,Slimani,Male,18,Tunisian,2.55,2.31,2.46,2.49,3A86
STU_2140,Dorra_2140,Chebbi,Female,21,Tunisian,1.83,2.94,2.32,2.0,1A18
STU_2141,Walid_2141,Ben Ali,Male,20,Tunisian,3.18,3.59,2.84,2.17,1A12
STU_2142,Dorra_2142,Jaziri,Female,20,Tunisian,2.05,1.28,2.07,2.49,1A05
STU_2143,Amine_2143,Baccouche,Male,19,Tunisian,2.63,2.57,2.59,3.28,1A92
STU_2144,Ali_2144,Ben Ali,Male,20,Tunisian,1.78,1.54,1.49,1.11,2A49
STU_2145,Salma_2145,Chebbi,Female,21,Tunisian,4.33,3.78,3.83,4.12,4ARCTIC50
STU_2146,Oumaima_2146,Saidi,Female,19,Tunisian,2.33,2.24,1.9,2.49,4GAMIX69
STU_2147,Hiba_2147,Mabrouk,Female,18,Tunisian,2.57,1.88,1.69,2.06,5DS88
STU_2148,Lotfi_2148,Mejri,Male,19,Tunisian,4.48,3.21,3.74,4.13,4INFINI29
STU_2149,Mariem_2149,Ben Ali,Female,21,Tunisian,2.24,2.64,2.34,1.96,4TWIN96
STU_2150,Manel_2150,Slimani,Female,19,Tunisian,1.99,2.16,2.45,1.56,2A46
STU_2151,Samira_2151,Baccouche,Female,20,Tunisian,3.01,2.97,2.55,3.54,5SLEAM93
STU_2152,Meriem_2152,Trabelsi,Female,20,Tunisian,2.0,1.97,2.16,1.9,4SIM66
STU_2153,Sami_2153,Trabelsi,Male,20,Tunisian,2.37,3.42,3.44,3.16,2A98
STU_2154,Ines_2154,Chebbi,Female,18,Tunisian,1.14,1.56,1.41,1.2,5TWIN20
STU_2155,Sofiene_2155,Abidi,Male,18,Tunisian,2.31,2.75,2.39,1.13,3B35
STU_2156,Ali_2156,Abidi,Male,22,Tunisian,2.16,1.95,1.39,3.38,3A30
STU_2157,Anis_2157,Maaloul,Male,21,Tunisian,2.79,2.85,2.59,4.06,1A92
STU_2158,Hedi_2158,Jebali,Male,23,Tunisian,3.63,2.48,2.49,2.04,5NIDS99
STU_2159,Yasmine_2159,Chebbi,Female,19,Tunisian,3.76,3.45,3.48,4.19,4IOSYS55
STU_2160,Kheira,Yahiaoui,Female,20,Algerian,4.74,4.34,4.55,3.32,4GAMIX69
STU_2161,Rania_2161,Ghanouchi,Female,20,Tunisian,2.14,1.98,1.97,2.35,4NIDS96
STU_2162,Foued_2162,Bouazizi,Male,23,Tunisian,3.0,2.34,2.6,2.4,3B36
STU_2163,Amel_2163,Chebbi,Female,21,Tunisian,3.62,3.76,3.76,3.24,2A49
STU_2164,Lina_2164,Toumi,Female,22,Tunisian,2.82,2.98,2.46,2.83,3A21
STU_2165,Mohamed_2165,Baccouche,Male,21,Tunisian,2.85,2.93,2.67,2.34,1A29
STU_2166,Abdelkader,Yahiaoui,Male,20,Algerian,3.16,3.29,3.24,2.18,4BI77
STU_2167,Meriem_2167,Haddad,Female,22,Tunisian,1.87,3.26,1.8,3.1,3A41
STU_2168,Ghassen_2168,Khemiri,Male,22,Tunisian,2.9,2.27,2.44,2.06,4TWIN96
STU_2169,Sanaa,Haddad,Female,21,Moroccan,3.24,3.57,2.67,3.67,3A86
STU_2170,Skander_2170,Saidi,Male,20,Tunisian,2.77,1.43,2.36,2.54,3A88
STU_2171,Oumar,Keita,Male,18,Malian,2.4,2.52,2.14,1.83,4SE64
STU_2172,Amina_2172,Jaziri,Female,22,Tunisian,1.99,3.69,3.57,2.98,4INFINI29
STU_2173,Hiba_2173,Saidi,Female,20,Tunisian,4.08,3.92,3.59,3.54,5TWIN20
STU_2174,Nour_2174,Chebbi,Female,18,Tunisian,2.94,2.68,3.12,2.85,2A98
STU_2175,Djamila,Messaoudi,Female,20,Algerian,4.11,3.06,3.58,2.51,2A06
STU_2176,Esther,Ngwa,Female,19,Cameroonian,0.9,2.25,1.02,1.44,4IOSYS55
STU_2177,Nadia_2177,Toumi,Female,17,Tunisian,2.81,3.37,2.77,2.36,5ARCTIC38
STU_2178,Ghassen_2178,Bouazizi,Male,19,Tunisian,2.93,1.89,2.57,2.2,4ARCTIC28
STU_2179,Nabil_2179,Bouazizi,Male,20,Tunisian,0.55,0.6,1.13,0.19,1A04
STU_2180,Nizar_2180,Haddad,Male,19,Tunisian,3.2,1.78,2.77,2.78,5BI77
STU_2181,Rami_2181,Saidi,Male,20,Tunisian,2.53,2.91,3.08,3.01,1A32
STU_2182,Hiba_2182,Jaziri,Female,19,Tunisian,1.53,1.67,1.12,1.98,2A98
STU_2183,Amel_2183,Toumi,Female,21,Tunisian,2.5,3.33,2.37,3.21,3B21
STU_2184,Zied_2184,Maaloul,Male,18,Tunisian,1.14,1.21,1.33,0.51,4TWIN96
STU_2185,Meriem_2185,Baccouche,Female,20,Tunisian,1.45,1.93,1.86,1.74,1A01
STU_2186,Rania_2186,Trabelsi,Female,20,Tunisian,2.14,2.05,1.42,1.62,2P74
STU_2187,Amel_2187,Trabelsi,Female,19,Tunisian,3.98,2.81,3.42,2.84,1A12
STU_2188,Karim_2188,Slimani,Male,19,Tunisian,2.43,2.39,2.52,1.94,3A69
STU_2189,Amine_2189,Cherif,Male,19,Tunisian,2.01,1.89,2.43,2.56,5NIDS71
STU_2190,Nabil_2190,Mejri,Male,18,Tunisian,1.9,1.63,1.88,1.16,4SIM88
STU_2191,Bechir_2191,Ghanouchi,Male,18,Tunisian,1.77,3.05,2.59,2.99,3A69
STU_2192,Amel_2192,Baccouche,Female,20,Tunisian,3.61,3.04,3.44,3.12,4IOSYS52
STU_2193,Samira_2193,Ghanouchi,Female,20,Tunisian,3.18,3.33,3.5,2.52,3B49
STU_2194,Nabil_2194,Abidi,Male,23,Tunisian,3.17,3.28,2.91,2.41,4IOSYS55
STU_2195,Khadija_2195,Baccouche,Female,21,Tunisian,1.23,0.89,1.12,1.87,5SE44
STU_2196,Siwar_2196,Chebbi,Female,20,Tunisian,0.86,1.47,1.24,0.52,3B90
STU_2197,Meriem_2197,Toumi,Female,22,Tunisian,3.1,3.73,3.23,3.64,3B35
STU_2198,Ghassen_2198,Toumi,Male,20,Tunisian,2.21,1.94,1.02,0.86,1A20
STU_2199,Foued_2199,Jebali,Male,19,Tunisian,1.54,2.06,1.5,2.27,3A41
STU_2200,Mariem_2200,Mejri,Female,18,Tunisian,3.07,3.68,3.44,3.38,2P78
STU_2201,Hedi_2201,Bouazizi,Male,22,Tunisian,2.34,2.58,2.5,2.89,3B90
STU_2202,Bechir_2202,Jebali,Male,19,Tunisian,1.53,1.81,2.29,0.48,2A13
STU_2203,Adama,Konan,Male,19,Ivorian,3.35,3.86,3.77,4.38,1A18
STU_2204,Ibrahim,Ouattara,Male,20,Ivorian,2.11,2.67,2.75,2.56,5INFINI98
STU_2205,Amina_2205,Ghanouchi,Female,18,Tunisian,2.38,2.37,2.04,2.0,1A01
STU_2206,Omar_2206,Khemiri,Male,21,Tunisian,2.06,1.85,2.31,1.92,2A71
STU_2207,Amadou,Diallo,Male,19,Senegalese,0.39,1.42,0.75,0.96,5ARCTIC38
STU_2208,Mourad_2208,Baccouche,Male,21,Tunisian,2.03,2.56,2.22,1.65,4SAE12
STU_2209,Bechir_2209,Baccouche,Male,21,Tunisian,1.94,2.65,2.0,2.27,4TWIN96
STU_2210,Leila_2210,Slimani,Female,19,Tunisian,2.04,2.8,2.83,1.78,4IOSYS52
STU_2211,Fatma_2211,Bouazizi,Female,18,Tunisian,2.88,2.44,2.84,2.47,4DS15
STU_2212,Zineb,El Idrissi,Female,21,Moroccan,2.8,2.77,3.01,2.3,2P69
STU_2213,Dorra_2213,Bouazizi,Female,22,Tunisian,0.76,1.47,0.24,0.42,5GAMIX78
STU_2214,Khadija_2214,Toumi,Female,21,Tunisian,3.49,3.01,4.38,3.08,5SAE68
STU_2215,Mamadou,Sarr,Male,20,Senegalese,3.3,2.84,2.6,3.15,2A06
STU_2216,Ismail_2216,Maaloul,Male,18,Tunisian,1.4,0.07,0.57,0.21,3B21
STU_2217,Anis_2217,Baccouche,Male,19,Tunisian,1.5,1.25,1.73,1.05,1A44
STU_2218,Hatem_2218,Mabrouk,Male,22,Tunisian,1.82,2.01,1.61,2.98,3A78
STU_2219,Mabruka,Mansur,Female,22,Libyan,1.46,1.29,1.32,2.69,1A04
STU_2220,Salma_2220,Jebali,Female,21,Tunisian,1.14,1.27,0.96,1.6,4SIM88
STU_2221,Ahou,Ouattara,Female,21,Ivorian,1.98,1.85,1.41,1.83,3B35
STU_2222,Tarek_2222,Ben Ali,Male,19,Tunisian,3.09,4.89,3.76,4.26,4TWIN96
STU_2223,Nadia_2223,Maaloul,Female,23,Tunisian,3.14,2.48,2.81,3.36,4BI83
STU_2224,Iheb_2224,Saidi,Male,21,Tunisian,1.72,1.38,1.44,1.75,1A92
STU_2225,Leila_2225,Ben Ali,Female,20,Tunisian,4.07,3.45,3.8,2.81,2A13
STU_2226,Karim_2226,Saidi,Male,19,Tunisian,3.24,3.37,3.17,3.57,4DS15
STU_2227,Salma_2227,Ben Ali,Female,21,Tunisian,3.06,3.46,2.54,2.11,4NIDS18
STU_2228,Ghassen_2228,Maaloul,Male,29,Tunisian,2.39,2.85,2.76,3.37,1A72
STU_2229,Sonia_2229,Jaziri,Female,21,Tunisian,2.17,2.78,2.45,2.45,5SIM70
STU_2230,Siwar_2230,Slimani,Female,23,Tunisian,4.51,3.63,4.13,3.97,2P69
STU_2231,Hiba_2231,Mabrouk,Female,20,Tunisian,1.86,1.7,1.33,2.25,3B99
STU_2232,Sarra_2232,Trabelsi,Female,20,Tunisian,0.98,1.96,1.19,0.79,5ARCTIC38
STU_2233,Mourad_2233,Jebali,Male,22,Tunisian,3.44,3.24,3.67,4.21,3B36
STU_2234,Ismail_2234,Jaziri,Male,22,Tunisian,2.78,2.66,2.29,1.79,4BI77
STU_2235,Mehdi_2235,Ben Ali,Male,30,Tunisian,2.44,2.24,1.64,1.48,5SIM70
STU_2236,Foued_2236,Toumi,Male,22,Tunisian,1.61,0.91,1.14,1.42,5SLEAM15
STU_2237,Mouna_2237,Mejri,Female,20,Tunisian,2.86,3.44,3.06,3.64,3B99
STU_2238,Nadia_2238,Mabrouk,Female,23,Tunisian,2.19,2.67,1.9,1.64,3A21
STU_2239,Mehdi_2239,Ghanouchi,Male,22,Tunisian,3.65,3.28,3.36,3.18,4BI83
STU_2240,Nabil_2240,Ben Ali,Male,22,Tunisian,2.76,2.35,2.67,2.75,5NIDS65
STU_2241,Wided_2241,Mabrouk,Female,22,Tunisian,2.48,3.14,3.04,2.6,4BI77
STU_2242,Iheb_2242,Jebali,Male,19,Tunisian,3.58,3.31,3.91,4.59,1A87
STU_2243,Hedi_2243,Maaloul,Male,30,Tunisian,1.97,1.09,1.49,1.95,5BI77
STU_2244,Nadia,Berrada,Female,20,Moroccan,4.36,3.33,4.11,3.06,4BI83
STU_2245,Hedi_2245,Bouazizi,Male,18,Tunisian,1.29,1.01,1.21,1.63,2P81
STU_2246,Lotfi_2246,Khemiri,Male,19,Tunisian,2.2,0.98,1.79,2.51,1A32
STU_2247,Ali_2247,Haddad,Male,19,Tunisian,2.37,2.42,2.46,1.61,3A69
STU_2248,Koffi,Koffi,Male,21,Ivorian,3.48,3.96,4.18,3.5,1A90
STU_2249,Siwar_2249,Slimani,Female,18,Tunisian,1.23,1.53,1.73,2.75,4DS15
STU_2250,Rami_2250,Trabelsi,Male,20,Tunisian,1.43,1.52,1.42,1.95,2A49
STU_2251,Rami_2251,Abidi,Male,19,Tunisian,2.71,2.19,2.42,3.75,5SIM70
STU_2252,Ali_2252,Abidi,Male,18,Tunisian,2.83,2.34,2.56,2.25,3B82
STU_2253,Amina_2253,Cherif,Female,20,Tunisian,0.65,2.34,1.13,1.71,4SIM81
STU_2254,Bechir_2254,Cherif,Male,19,Tunisian,2.64,2.27,2.08,2.52,4GAMIX69
STU_2255,Rim_2255,Ben Ali,Female,23,Tunisian,2.06,2.63,2.35,2.77,5SE69
STU_2256,Jeanne,Moussa,Female,19,Cameroonian,2.38,3.25,3.44,2.45,1A05
STU_2257,Ahmed_2257,Maaloul,Male,23,Tunisian,2.73,3.66,3.5,2.87,2P14
STU_2258,Hiba_2258,Cherif,Female,20,Tunisian,3.11,3.99,3.52,4.02,4BI83
STU_2259,Karim_2259,Jebali,Male,18,Tunisian,3.6,1.59,2.32,2.61,1A32
STU_2260,Hiba_2260,Mabrouk,Female,22,Tunisian,2.46,3.4,2.06,3.08,2P78
STU_2261,Sarra_2261,Baccouche,Female,20,Tunisian,2.74,2.03,3.1,3.23,5SAE68
STU_2262,Sarra_2262,Slimani,Female,21,Tunisian,4.01,4.68,3.93,4.1,5BI77
STU_2263,Sami_2263,Jaziri,Male,21,Tunisian,2.4,3.1,3.29,2.75,1A01
STU_2264,Lina_2264,Trabelsi,Female,35,Tunisian,3.33,3.82,4.15,2.83,3A41
STU_2265,Foued_2265,Chebbi,Male,20,Tunisian,0.53,0.47,0.31,1.45,1A18
STU_2266,Iheb_2266,Haddad,Male,20,Tunisian,2.07,1.4,2.06,0.72,2A49
STU_2267,Emna_2267,Maaloul,Female,21,Tunisian,3.1,3.38,3.0,2.75,2P11
STU_2268,Emna_2268,Jebali,Female,21,Tunisian,1.63,1.78,1.65,1.59,2A98
STU_2269,Foued_2269,Jaziri,Male,20,Tunisian,2.24,2.07,1.98,1.8,5SLEAM15
STU_2270,Mariam,Ouattara,Female,21,Ivorian,3.54,2.17,2.68,3.28,5GAMIX78
STU_2271,Mariem_2271,Baccouche,Female,22,Tunisian,1.19,1.0,1.43,1.14,1A20
STU_2272,Brahim,Haddad,Male,21,Algerian,2.58,3.46,3.17,2.97,5BI21
STU_2273,Nour_2273,Jaziri,Female,21,Tunisian,3.06,3.81,3.99,3.83,1A01
STU_2274,Ali_2274,Bouazizi,Male,21,Tunisian,1.55,2.27,1.69,2.92,3B82
STU_2275,Asma_2275,Jaziri,Female,22,Tunisian,0.2,0.71,0.74,0.44,3B49
STU_2276,Leila_2276,Baccouche,Female,21,Tunisian,1.75,2.36,1.62,2.46,5GAMIX78
STU_2277,Lotfi_2277,Mejri,Male,19,Tunisian,2.3,2.74,2.78,2.64,3B49
STU_2278,Adel_2278,Toumi,Male,20,Tunisian,4.35,2.68,3.16,3.58,2A91
STU_2279,Omar_2279,Mejri,Male,21,Tunisian,1.1,1.95,1.99,2.92,3A86
STU_2280,Mohamed_2280,Ghanouchi,Male,19,Tunisian,3.82,3.91,3.66,3.61,1A20
STU_2281,Ines_2281,Chebbi,Female,19,Tunisian,2.11,2.48,2.01,2.6,2A91
STU_2282,Anis_2282,Maaloul,Male,21,Tunisian,3.17,1.97,2.55,3.0,2A91
STU_2283,Marie,Moussa,Female,18,Cameroonian,3.01,2.22,2.93,4.17,5SLEAM93
STU_2284,Fatma_2284,Jaziri,Female,22,Tunisian,2.35,2.77,2.43,1.74,2P06
STU_2285,Yamina,Slimani,Female,21,Algerian,1.43,2.46,2.52,2.07,4SAE12
STU_2286,Wassim_2286,Saidi,Male,21,Tunisian,0.75,0.74,0.72,1.08,4BI83
STU_2287,Rania_2287,Maaloul,Female,19,Tunisian,2.33,2.92,2.27,3.23,4BI83
STU_2288,Mariem_2288,Bouazizi,Female,19,Tunisian,1.43,2.84,2.72,2.66,4INFINI29
STU_2289,Skander_2289,Haddad,Male,19,Tunisian,2.52,2.36,2.52,2.66,5SIM65
STU_2290,Salma_2290,Khemiri,Female,20,Tunisian,2.26,2.68,2.77,2.37,2P78
STU_2291,Didier,Ngwa,Male,21,Cameroonian,2.94,1.9,2.5,1.26,2A49
STU_2292,Leila_2292,Mabrouk,Female,20,Tunisian,1.25,1.37,0.86,1.37,2P11
STU_2293,Anis_2293,Ghanouchi,Male,19,Tunisian,1.2,2.05,0.91,0.88,3B35
STU_2294,Mourad_2294,Cherif,Male,20,Tunisian,1.5,2.61,2.16,2.23,4BI83
STU_2295,Yasmine_2295,Slimani,Female,19,Tunisian,3.28,2.8,2.88,3.39,4DS15
STU_2296,Iheb_2296,Chebbi,Male,18,Tunisian,2.13,2.2,2.67,2.23,2P14
STU_2297,Rami_2297,Jaziri,Male,20,Tunisian,3.63,2.7,3.5,3.2,2P14
STU_2298,Ines_2298,Jebali,Female,22,Tunisian,2.91,2.73,3.43,3.04,5NIDS71
STU_2299,Ibrahima,Diop,Male,18,Senegalese,2.34,2.28,2.64,2.75,5DS88
STU_2300,Khady,Fall,Female,22,Senegalese,2.19,2.69,1.62,1.71,4IOSYS52
STU_2301,Wided_2301,Jaziri,Female,22,Tunisian,1.79,2.5,1.79,3.1,1A20
STU_2302,Rania_2302,Ben Ali,Female,20,Tunisian,0.3,1.41,1.29,1.15,3B90
STU_2303,Fatima,Haddad,Female,18,Moroccan,1.99,2.77,2.52,2.51,1A32
STU_2304,Oumaima_2304,Toumi,Female,20,Tunisian,3.01,2.76,3.18,2.07,5NIDS99
STU_2305,Ahmed_2305,Ben Ali,Male,22,Tunisian,2.33,1.97,1.88,3.01,4GAMIX69
STU_2306,Wassim_2306,Toumi,Male,21,Tunisian,3.83,3.67,3.22,3.58,5SAE68
STU_2307,Karim_2307,Trabelsi,Male,18,Tunisian,2.02,2.35,2.21,1.9,2A06
STU_2308,Iheb_2308,Bouazizi,Male,19,Tunisian,4.53,3.65,4.57,4.48,4ARCTIC28
STU_2309,Omar_2309,Toumi,Male,20,Tunisian,3.09,3.01,3.07,1.68,1A90
STU_2310,Amina_2310,Abidi,Female,21,Tunisian,0.97,2.04,0.88,2.42,4BI83
STU_2311,Mariem_2311,Khemiri,Female,21,Tunisian,1.46,1.85,1.61,2.33,4NIDS96
STU_2312,Nadia_2312,Trabelsi,Female,21,Tunisian,2.63,4.29,3.37,3.13,5INFINI98
STU_2313,Siwar_2313,Ben Ali,Female,33,Tunisian,2.95,2.73,2.72,3.97,5SIM65
STU_2314,Abdelkader,Mansouri,Male,19,Algerian,2.47,1.42,1.62,3.22,1A04
STU_2315,Nizar_2315,Khemiri,Male,19,Tunisian,1.07,1.73,1.42,1.33,1A04
STU_2316,Rania_2316,Saidi,Female,18,Tunisian,2.23,3.04,2.49,2.36,4SAE19
STU_2317,Anis_2317,Toumi,Male,22,Tunisian,3.84,3.46,4.18,3.82,4SAE19
STU_2318,Fatiha,Touati,Female,19,Algerian,1.71,2.9,2.46,2.49,4BI83
STU_2319,Nadia_2319,Slimani,Female,21,Tunisian,2.61,2.4,1.99,2.5,5NIDS99
STU_2320,Dorra_2320,Mejri,Female,18,Tunisian,0.51,0.44,0.75,0.62,5SAE01
STU_2321,Jamal,Alaoui,Male,18,Moroccan,1.15,1.26,0.89,2.63,3A21
STU_2322,Mouna_2322,Bouazizi,Female,19,Tunisian,2.06,2.01,2.69,2.15,3A30
STU_2323,Adjoua,Kone,Female,18,Ivorian,2.38,2.76,2.4,1.98,4SAE12
STU_2324,Ghassen_2324,Khemiri,Male,22,Tunisian,3.01,2.8,2.25,3.06,2P06
STU_2325,Samira_2325,Trabelsi,Female,17,Tunisian,2.37,3.86,3.01,3.32,2P69
STU_2326,Wassim_2326,Trabelsi,Male,21,Tunisian,0.77,1.89,1.3,1.83,2P81
STU_2327,Bechir_2327,Mabrouk,Male,17,Tunisian,0.49,2.12,1.06,1.88,4INFINI28
STU_2328,Walid_2328,Toumi,Male,19,Tunisian,2.75,2.89,2.28,2.84,2P06
STU_2329,Rania_2329,Bouazizi,Female,22,Tunisian,3.31,2.33,3.01,3.95,5SAE68
STU_2330,Wided_2330,Slimani,Female,22,Tunisian,2.83,2.91,3.19,1.9,4NIDS96
STU_2331,Sami_2331,Slimani,Male,18,Tunisian,2.54,3.41,2.77,3.5,2A49
STU_2332,Ines_2332,Bouazizi,Female,20,Tunisian,1.06,1.27,2.33,1.1,4GAMIX69
STU_2333,Manel_2333,Jaziri,Female,21,Tunisian,2.47,2.35,2.12,2.28,5BI21
STU_2334,Ali_2334,Trabelsi,Male,18,Tunisian,2.09,1.95,2.42,1.05,3B21
STU_2335,Abdoulaye,Traore,Male,18,Ivorian,1.27,1.44,1.64,0.43,1A92
STU_2336,Oumaima_2336,Jaziri,Female,20,Tunisian,1.77,1.88,1.6,1.54,2A49
STU_2337,Rim_2337,Saidi,Female,20,Tunisian,2.62,2.91,1.87,3.41,2A06
STU_2338,Hend_2338,Maaloul,Female,19,Tunisian,2.21,4.06,4.17,3.16,5ARCTIC38
STU_2339,Aicha,Touati,Female,18,Algerian,2.38,2.15,2.49,1.9,4IOSYS55
STU_2340,Hassan,Lahlou,Male,21,Moroccan,3.09,4.16,3.75,3.43,2A99
STU_2341,Ghassen_2341,Maaloul,Male,21,Tunisian,3.79,1.64,3.03,3.77,3B46
STU_2342,Mourad_2342,Bouazizi,Male,34,Tunisian,0.68,0.92,1.44,0.0,3A86
STU_2343,Rami_2343,Baccouche,Male,20,Tunisian,3.01,3.42,3.16,3.56,2A71
STU_2344,Fares_2344,Jaziri,Male,18,Tunisian,4.44,3.98,4.78,3.69,4BI83
STU_2345,Wided_2345,Mabrouk,Female,18,Tunisian,2.39,2.92,2.64,2.93,4IOSYS55
STU_2346,Nour_2346,Bouazizi,Female,22,Tunisian,2.56,2.33,1.83,2.73,5SAE01
STU_2347,Sanaa,Lahlou,Female,20,Moroccan,1.74,2.83,1.48,1.52,1A76
STU_2348,Ahmed_2348,Saidi,Male,21,Tunisian,3.0,3.34,3.33,3.42,3A86
STU_2349,Wassim_2349,Haddad,Male,18,Tunisian,1.78,1.11,0.88,1.9,4INFINI29
STU_2350,Foued_2350,Abidi,Male,20,Tunisian,1.27,0.5,0.55,1.97,5SIM65
STU_2351,Ines_2351,Jaziri,Female,19,Tunisian,2.28,2.65,2.48,2.28,5GAMIX78
STU_2352,Leila_2352,Chebbi,Female,19,Tunisian,3.35,3.42,3.36,3.01,5NIDS82
STU_2353,Wassim_2353,Cherif,Male,23,Tunisian,1.89,0.07,1.18,1.62,5NIDS82
STU_2354,Hiba_2354,Ghanouchi,Female,19,Tunisian,2.03,2.25,2.76,2.39,1A32
STU_2355,Youssef_2355,Toumi,Male,18,Tunisian,2.6,3.09,2.97,2.77,1A76
STU_2356,Bechir_2356,Khemiri,Male,18,Tunisian,4.3,3.44,4.23,3.62,2P81
STU_2357,Sofiene_2357,Mabrouk,Male,18,Tunisian,3.61,3.19,3.36,3.2,2P06
STU_2358,Karim_2358,Chebbi,Male,21,Tunisian,1.22,0.89,1.62,0.68,3A88
STU_2359,Mourad_2359,Trabelsi,Male,20,Tunisian,4.29,3.48,4.15,4.43,3B90
STU_2360,Leila_2360,Mabrouk,Female,21,Tunisian,2.81,3.03,2.99,4.4,3A41
STU_2361,Dorra_2361,Bouazizi,Female,19,Tunisian,5.0,5.0,5.0,5.0,5DS88
STU_2362,Aliou,Diop,Male,20,Senegalese,5.0,4.15,3.7,4.39,4SIM88
STU_2363,Omar_2363,Baccouche,Male,20,Tunisian,3.47,3.47,3.84,2.23,3B49
STU_2364,Lina_2364,Chebbi,Female,21,Tunisian,2.36,2.08,1.99,1.13,4GAMIX69
STU_2365,Zohra,Haddad,Female,21,Algerian,2.78,3.0,2.19,2.23,2A49
STU_2366,Zied_2366,Khemiri,Male,26,Tunisian,1.39,2.05,1.83,2.19,4BI77
STU_2367,Salma_2367,Cherif,Female,21,Tunisian,3.03,3.27,3.3,3.68,1A05
STU_2368,Walid_2368,Slimani,Male,20,Tunisian,3.18,2.48,2.76,3.43,1A05
STU_2369,Rami_2369,Mejri,Male,25,Tunisian,3.49,2.07,3.23,1.77,2A13
STU_2370,Amel_2370,Khemiri,Female,21,Tunisian,1.5,2.29,2.23,2.71,5BI21
STU_2371,Siwar_2371,Khemiri,Female,23,Tunisian,2.82,2.68,3.05,3.1,5SE44
STU_2372,Mourad_2372,Saidi,Male,21,Tunisian,2.55,3.33,3.3,3.12,2P69
STU_2373,Salma_2373,Abidi,Female,19,Tunisian,2.87,3.27,2.89,2.93,1A87
STU_2374,Rim_2374,Khemiri,Female,19,Tunisian,3.63,2.69,2.87,2.87,4NIDS96
STU_2375,Asma_2375,Baccouche,Female,18,Tunisian,1.89,1.51,1.74,1.55,1A05
STU_2376,Rim_2376,Mabrouk,Female,22,Tunisian,3.78,3.76,3.7,4.08,1A72
STU_2377,Fatima,Berrada,Female,19,Moroccan,0.98,1.01,1.31,0.62,5DS88
STU_2378,Amar,Haddad,Male,20,Algerian,1.58,2.28,2.26,1.85,5SE69
STU_2379,Sofiene_2379,Toumi,Male,22,Tunisian,2.66,1.23,1.65,1.89,3B90
STU_2380,Farah_2380,Toumi,Female,24,Tunisian,3.57,3.94,3.33,4.73,5SIM70
STU_2381,Wassim_2381,Chebbi,Male,20,Tunisian,1.29,1.13,1.71,1.35,1A12
STU_2382,Lina_2382,Saidi,Female,23,Tunisian,2.11,1.8,1.87,1.5,4SIM81
STU_2383,Youssef_2383,Bouazizi,Male,20,Tunisian,2.01,3.38,2.09,1.88,2P14
STU_2384,Emna_2384,Bouazizi,Female,19,Tunisian,2.01,2.73,2.01,1.88,3A41
STU_2385,Hatem_2385,Jebali,Male,20,Tunisian,3.13,2.35,2.82,2.92,4DS15
STU_2386,Karim_2386,Bouazizi,Male,21,Tunisian,1.98,1.82,1.9,2.25,2P11
STU_2387,Sofiene_2387,Bouazizi,Male,18,Tunisian,1.7,1.6,1.5,2.65,5NIDS82
STU_2388,Mourad_2388,Maaloul,Male,20,Tunisian,3.53,2.1,2.97,2.3,2P11
STU_2389,Karim_2389,Jebali,Male,18,Tunisian,2.61,1.8,2.69,1.87,3A41
STU_2390,Ines_2390,Bouazizi,Female,21,Tunisian,1.75,2.91,2.92,1.72,3A88
STU_2391,Ghassen_2391,Slimani,Male,20,Tunisian,3.57,2.75,2.82,3.84,1A30
STU_2392,Ines_2392,Toumi,Female,19,Tunisian,3.8,3.24,3.02,2.21,1A04
STU_2393,Rim_2393,Trabelsi,Female,20,Tunisian,1.63,2.03,2.02,1.92,3B90
STU_2394,Amel_2394,Saidi,Female,19,Tunisian,4.26,2.87,2.88,2.02,5DS88
STU_2395,Bechir_2395,Cherif,Male,20,Tunisian,2.63,3.31,2.97,3.39,5SAE01
STU_2396,Wided_2396,Bouazizi,Female,21,Tunisian,1.31,0.95,1.7,1.42,3B82
STU_2397,Bechir_2397,Cherif,Male,21,Tunisian,2.74,2.77,2.98,2.72,5ARCTIC81
STU_2398,Amadou,Keita,Male,20,Guinean,3.56,2.24,3.57,3.14,3B90
STU_2399,Anis_2399,Jebali,Male,21,Tunisian,3.01,4.03,3.92,2.59,2A13
STU_2400,Lina_2400,Baccouche,Female,20,Tunisian,3.5,3.57,3.26,2.42,2P78
STU_2401,Hend_2401,Jebali,Female,18,Tunisian,1.62,2.21,1.9,2.69,4IOSYS92
STU_2402,Foued_2402,Saidi,Male,20,Tunisian,2.15,2.27,2.03,3.94,5SE44
STU_2403,Nabil_2403,Mejri,Male,21,Tunisian,3.31,3.62,3.4,4.3,4SAE12
STU_2404,Wided_2404,Saidi,Female,21,Tunisian,2.21,1.8,1.62,0.91,4SAE19
STU_2405,Amel_2405,Mejri,Female,18,Tunisian,0.45,1.65,0.64,2.03,3A88
STU_2406,Adel_2406,Khemiri,Male,19,Tunisian,2.59,2.96,2.13,2.66,1A29
STU_2407,Dorra_2407,Jebali,Female,18,Tunisian,2.36,2.47,2.37,3.02,1A92
STU_2408,Rami_2408,Khemiri,Male,22,Tunisian,3.64,3.64,4.07,3.33,1A72
STU_2409,Lotfi_2409,Jaziri,Male,22,Tunisian,3.18,2.17,2.75,2.96,5SAE68
STU_2410,Hedi_2410,Slimani,Male,20,Tunisian,3.86,4.41,4.15,4.17,3A21
STU_2411,Wassim_2411,Toumi,Male,21,Tunisian,3.62,3.61,3.72,4.0,3A88
STU_2412,Zied_2412,Jebali,Male,21,Tunisian,2.84,2.25,3.12,2.76,4IOSYS52
STU_2413,Zied_2413,Haddad,Male,18,Tunisian,2.58,2.97,3.75,2.5,5DS88
STU_2414,Hedi_2414,Mejri,Male,22,Tunisian,1.77,1.24,1.28,1.31,5INFINI98
STU_2415,Wided_2415,Cherif,Female,19,Tunisian,0.72,1.21,1.08,1.74,1A20
STU_2416,Ahmed_2416,Mejri,Male,20,Tunisian,4.11,4.43,3.87,3.42,1A44
STU_2417,Tarek_2417,Chebbi,Male,18,Tunisian,2.42,3.0,3.03,3.72,4NIDS18
STU_2418,Kouassi,Ouattara,Male,22,Ivorian,2.2,1.32,1.35,2.22,1A87
STU_2419,Amina_2419,Ghanouchi,Female,21,Tunisian,2.65,1.97,1.6,2.27,4INFINI28
STU_2420,Khadija_2420,Abidi,Female,18,Tunisian,3.31,4.14,4.14,4.08,4SIM81
STU_2421,Walid_2421,Khemiri,Male,18,Tunisian,0.32,0.49,0.0,0.04,5SAE01
STU_2422,Amel_2422,Khemiri,Female,20,Tunisian,4.69,4.65,4.8,4.08,1A05
STU_2423,Fares_2423,Mejri,Male,19,Tunisian,2.84,3.25,3.75,1.79,3A21
STU_2424,Meriem_2424,Chebbi,Female,19,Tunisian,1.98,2.37,2.12,1.54,4ARCTIC28
STU_2425,Fares_2425,Saidi,Male,20,Tunisian,2.6,3.56,2.98,3.78,4SIM81
STU_2426,Meriem_2426,Ghanouchi,Female,23,Tunisian,2.46,2.19,2.23,1.91,1A29
STU_2427,Wided_2427,Slimani,Female,18,Tunisian,2.98,2.88,2.43,4.03,4BI77
STU_2428,Sarra_2428,Slimani,Female,22,Tunisian,2.56,2.92,2.62,1.63,1A01
STU_2429,Sami_2429,Haddad,Male,21,Tunisian,2.55,3.0,2.65,3.27,2P14
STU_2430,Amina_2430,Jebali,Female,20,Tunisian,2.7,3.34,3.19,3.92,4IOSYS55
STU_2431,Adel_2431,Chebbi,Male,21,Tunisian,3.08,4.03,3.1,4.45,2P14
STU_2432,Mohamed_2432,Haddad,Male,20,Tunisian,2.34,1.83,2.24,1.33,4NIDS96
STU_2433,Sofiene_2433,Bouazizi,Male,21,Tunisian,1.97,1.58,1.52,2.03,4GAMIX69
STU_2434,Wassim_2434,Jaziri,Male,19,Tunisian,1.65,1.32,1.47,0.27,3B99
STU_2435,Brahim,Brahimi,Male,18,Algerian,2.08,2.39,2.45,2.33,1A04
STU_2436,Iheb_2436,Saidi,Male,20,Tunisian,3.22,2.99,2.94,2.88,1A18
STU_2437,Ismail_2437,Jaziri,Male,20,Tunisian,2.98,3.67,3.64,3.18,5SE69
STU_2438,Meriem_2438,Maaloul,Female,29,Tunisian,2.72,3.36,2.97,3.0,1A29
STU_2439,Hend_2439,Haddad,Female,21,Tunisian,2.56,3.26,3.51,3.57,3A86
STU_2440,Leila_2440,Mabrouk,Female,19,Tunisian,1.45,2.58,2.17,3.83,5ARCTIC38
STU_2441,Mehdi_2441,Bouazizi,Male,20,Tunisian,2.8,2.31,2.64,2.72,5SE44
STU_2442,Nadia_2442,Ghanouchi,Female,21,Tunisian,3.86,3.52,4.23,4.21,4SIM88
STU_2443,Nour_2443,Jaziri,Female,19,Tunisian,1.38,2.36,2.22,2.56,4SIM88
STU_2444,Samira_2444,Abidi,Female,19,Tunisian,1.23,2.11,1.47,1.0,4SAE12
STU_2445,Oumou,Bah,Female,21,Guinean,3.2,2.56,2.93,3.26,5SAE68
STU_2446,Aminata,Konan,Female,18,Ivorian,2.64,3.22,4.1,2.5,5DS88
STU_2447,Salah,Brahimi,Male,19,Algerian,4.33,4.69,4.42,3.54,2A46
STU_2448,Mouna_2448,Mabrouk,Female,19,Tunisian,2.71,3.18,3.18,2.91,4ARCTIC28
STU_2449,Amel_2449,Bouazizi,Female,18,Tunisian,2.48,2.58,2.89,1.43,1A30
STU_2450,Foued_2450,Khemiri,Male,20,Tunisian,2.5,2.2,2.84,2.89,5ARCTIC38
STU_2451,Mourad_2451,Mabrouk,Male,19,Tunisian,2.75,3.03,3.13,3.62,1A20
STU_2452,Hedi_2452,Abidi,Male,19,Tunisian,1.81,1.32,0.95,1.74,5SLEAM15
STU_2453,Rachid,Tazi,Male,19,Moroccan,3.88,2.35,3.76,3.27,5SLEAM93
STU_2454,Pierre,Ngwa,Male,22,Cameroonian,2.04,1.37,1.72,0.75,5DS88
STU_2455,Farah_2455,Trabelsi,Female,22,Tunisian,4.25,4.14,3.71,4.86,2P11
STU_2456,Jacqueline,Abanda,Female,22,Cameroonian,1.75,1.86,2.45,2.45,2A91
STU_2457,Wided_2457,Trabelsi,Female,19,Tunisian,4.41,4.24,4.4,3.08,4SAE12
STU_2458,Lina_2458,Mejri,Female,18,Tunisian,3.6,3.91,2.82,3.42,3A78
STU_2459,Fatou,Diouf,Female,19,Senegalese,2.86,2.39,2.95,3.59,5BI21
STU_2460,Iheb_2460,Abidi,Male,24,Tunisian,0.62,0.51,0.49,0.5,2P11
STU_2461,Bechir_2461,Mabrouk,Male,22,Tunisian,2.11,1.26,1.71,1.23,3B49
STU_2462,Sofiene_2462,Mejri,Male,22,Tunisian,3.0,2.52,2.27,2.53,3A88
STU_2463,Amine_2463,Cherif,Male,21,Tunisian,2.52,1.44,2.01,2.37,5NIDS71
STU_2464,Amine_2464,Jaziri,Male,21,Tunisian,2.65,1.95,2.38,2.78,4IOSYS92
STU_2465,Anis_2465,Abidi,Male,20,Tunisian,2.79,2.25,2.37,3.3,4BI83
STU_2466,Skander_2466,Cherif,Male,20,Tunisian,2.2,2.16,1.82,2.01,4SAE19
STU_2467,Mehdi_2467,Cherif,Male,19,Tunisian,3.36,2.63,2.87,2.58,3A21
STU_2468,Rania_2468,Trabelsi,Female,20,Tunisian,2.03,2.5,1.99,2.4,1A12
STU_2469,Mouna_2469,Baccouche,Female,19,Tunisian,1.93,2.4,1.64,0.76,4IOSYS92
STU_2470,Sami_2470,Ghanouchi,Male,20,Tunisian,1.95,1.63,1.79,1.8,1A92
STU_2471,Amine_2471,Jebali,Male,22,Tunisian,3.45,3.03,3.69,3.07,5ARCTIC38
STU_2472,Amine_2472,Haddad,Male,19,Tunisian,2.25,3.02,2.21,2.53,2A71
STU_2473,Ahmed_2473,Toumi,Male,21,Tunisian,0.42,2.03,1.04,2.56,1A72
STU_2474,Rania_2474,Chebbi,Female,19,Tunisian,1.84,3.33,2.82,2.95,1A72
STU_2475,Youssef_2475,Ghanouchi,Male,18,Tunisian,3.31,3.94,3.78,3.08,5INFINI98
STU_2476,Amine_2476,Toumi,Male,20,Tunisian,1.66,1.8,1.45,1.65,2A98
STU_2477,Naima,Alaoui,Female,20,Moroccan,2.02,2.73,3.02,1.45,4INFINI29
STU_2478,Skander_2478,Jebali,Male,19,Tunisian,2.89,2.61,2.34,2.23,4DS15
STU_2479,Adel_2479,Mabrouk,Male,23,Tunisian,1.01,0.98,1.91,1.69,5BI77
STU_2480,Wided_2480,Haddad,Female,22,Tunisian,3.12,3.5,3.45,2.4,4ARCTIC50
STU_2481,Bechir_2481,Slimani,Male,20,Tunisian,4.01,3.03,3.88,4.05,4IOSYS52
STU_2482,Fatiha,Saidi,Female,21,Algerian,2.61,2.44,2.49,1.79,3A41
STU_2483,Mariem_2483,Haddad,Female,20,Tunisian,2.22,3.18,2.37,2.31,5INFINI98
STU_2484,Oumaima_2484,Ben Ali,Female,20,Tunisian,3.01,2.77,2.79,2.83,5SIM70
STU_2485,Wassim_2485,Cherif,Male,19,Tunisian,0.45,0.0,0.17,1.37,2A71
STU_2486,Ibrahima,Diouf,Male,20,Senegalese,3.09,2.66,2.85,1.86,1A90
STU_2487,Amadou,Gueye,Male,20,Senegalese,2.08,1.89,1.77,2.79,1A12
STU_2488,Leila_2488,Chebbi,Female,20,Tunisian,4.59,4.08,4.22,4.12,5NIDS82
STU_2489,Anis_2489,Baccouche,Male,20,Tunisian,1.89,2.33,1.99,1.94,5TWIN20
STU_2490,Iheb_2490,Mabrouk,Male,21,Tunisian,1.34,1.42,1.56,2.17,4INFINI28
STU_2491,Amina_2491,Abidi,Female,19,Tunisian,2.52,3.34,3.07,3.18,4ARCTIC28
STU_2492,Salma_2492,Baccouche,Female,20,Tunisian,3.04,3.07,2.67,2.94,5NIDS82
STU_2493,Aminata,Kouassi,Female,22,Ivorian,2.3,2.93,3.76,1.66,3A78
STU_2494,Coumba,Faye,Female,22,Senegalese,0.58,1.33,0.99,1.41,3A21
STU_2495,Ahmed_2495,Haddad,Male,20,Tunisian,3.22,2.85,2.78,3.69,1A44
STU_2496,Wassim_2496,Maaloul,Male,17,Tunisian,1.78,1.52,1.82,1.92,4SIM88
STU_2497,Tarek_2497,Bouazizi,Male,20,Tunisian,2.22,2.46,2.76,2.75,4NIDS96
STU_2498,Amina_2498,Haddad,Female,18,Tunisian,1.32,1.93,2.0,1.37,5SE44
STU_2499,Amel_2499,Abidi,Female,20,Tunisian,3.48,4.06,3.94,3.38,5NIDS65
